Id,CityId,Code,NameI18n,IsActive,SortOrder,CreatedAt,CreatedBy,UpdatedAt,UpdatedBy,IsDeleted,DeletedAt,DeletedBy
45655f5e-6152-4b77-ad26-5e6314f36511,fc0f7e12-4b89-40a3-86c4-d5d3c07779db,01-093382c2947e,"{""tr"": ""Aladağ""}",t,0,2026-07-09 13:27:17.006188+00,,,,f,,
dcf0e9b5-605a-415d-b966-72ef604f405d,fc0f7e12-4b89-40a3-86c4-d5d3c07779db,01-0c95a3b1ae75,"{""tr"": ""Ceyhan""}",t,0,2026-07-09 13:27:17.006188+00,,,,f,,
bc206874-d40b-47d2-9761-cb275dd91f8f,fc0f7e12-4b89-40a3-86c4-d5d3c07779db,01-e3de7090d7ea,"{""tr"": ""Çukurova""}",t,0,2026-07-09 13:27:17.006188+00,,,,f,,
abeb1efa-61a7-4a02-bbde-0850dfcf25d0,fc0f7e12-4b89-40a3-86c4-d5d3c07779db,01-95db1a514d96,"{""tr"": ""Feke""}",t,0,2026-07-09 13:27:17.006188+00,,,,f,,
06048cfa-c836-479c-9a01-0652eb859390,fc0f7e12-4b89-40a3-86c4-d5d3c07779db,01-8c1c2eb4f8bc,"{""tr"": ""İmamoğlu""}",t,0,2026-07-09 13:27:17.006188+00,,,,f,,
7c2e03c6-4d25-46f8-b9d3-0d67225e13d8,fc0f7e12-4b89-40a3-86c4-d5d3c07779db,01-3507d0844bda,"{""tr"": ""Karaisalı""}",t,0,2026-07-09 13:27:17.006188+00,,,,f,,
43ad6132-9d19-47c3-a507-f68ed58b21f4,fc0f7e12-4b89-40a3-86c4-d5d3c07779db,01-11cb8e8b89e6,"{""tr"": ""Karataş""}",t,0,2026-07-09 13:27:17.006188+00,,,,f,,
35a7451d-d8c4-44bc-a35d-3d43d69cc8dd,fc0f7e12-4b89-40a3-86c4-d5d3c07779db,01-6e853c2fbd32,"{""tr"": ""Kozan""}",t,0,2026-07-09 13:27:17.006188+00,,,,f,,
98b46378-2677-4a04-a4cb-1d1fef0c488a,fc0f7e12-4b89-40a3-86c4-d5d3c07779db,01-d60339966d12,"{""tr"": ""Pozantı""}",t,0,2026-07-09 13:27:17.006188+00,,,,f,,
d4d53d26-185d-4239-8b58-9a3fdd6cd8fc,fc0f7e12-4b89-40a3-86c4-d5d3c07779db,01-9610f1af35e8,"{""tr"": ""Saimbeyli""}",t,0,2026-07-09 13:27:17.006188+00,,,,f,,
71206990-1e12-4f19-a00c-439725926a36,fc0f7e12-4b89-40a3-86c4-d5d3c07779db,01-c407b6b6cc25,"{""tr"": ""Sarıçam""}",t,0,2026-07-09 13:27:17.006188+00,,,,f,,
26904389-2fa1-4684-815f-72dace608b85,fc0f7e12-4b89-40a3-86c4-d5d3c07779db,01-9d12c992cc50,"{""tr"": ""Seyhan""}",t,0,2026-07-09 13:27:17.006188+00,,,,f,,
3a22a597-8b15-4376-bd14-a7aecbec9315,fc0f7e12-4b89-40a3-86c4-d5d3c07779db,01-a78749a5e042,"{""tr"": ""Tufanbeyli""}",t,0,2026-07-09 13:27:17.006188+00,,,,f,,
5a808f08-1eb7-43e0-958a-ef20ade558b8,fc0f7e12-4b89-40a3-86c4-d5d3c07779db,01-9b00015d94eb,"{""tr"": ""Yumurtalık""}",t,0,2026-07-09 13:27:17.006188+00,,,,f,,
29689e5b-1161-4067-9d21-c913a69a5b68,fc0f7e12-4b89-40a3-86c4-d5d3c07779db,01-e9ebd2f81312,"{""tr"": ""Yüreğir""}",t,0,2026-07-09 13:27:17.006188+00,,,,f,,
2a3f032d-0ab8-4b42-88ab-0a928ee9f26b,2749d0af-da2f-4abe-92e9-60a697890699,02-f323b2ec1d3d,"{""tr"": ""Besni""}",t,0,2026-07-09 13:27:17.006188+00,,,,f,,
e1bdf182-719d-4ddb-81fe-9c8e8cc03d85,2749d0af-da2f-4abe-92e9-60a697890699,02-d29d4a243b8c,"{""tr"": ""Çelikhan""}",t,0,2026-07-09 13:27:17.006188+00,,,,f,,
8ecd9bd2-5935-459e-bfde-d410c3a3fd3a,2749d0af-da2f-4abe-92e9-60a697890699,02-ea6baf6185b5,"{""tr"": ""Gerger""}",t,0,2026-07-09 13:27:17.006188+00,,,,f,,
54ca60c0-4b6f-4b37-aa62-ff5be84c371c,2749d0af-da2f-4abe-92e9-60a697890699,02-5ba53e60a882,"{""tr"": ""Gölbaşı""}",t,0,2026-07-09 13:27:17.006188+00,,,,f,,
c03930ba-65f9-4aab-92a5-bddf02a99b85,2749d0af-da2f-4abe-92e9-60a697890699,02-9d25803ed8ec,"{""tr"": ""Kahta""}",t,0,2026-07-09 13:27:17.006188+00,,,,f,,
0911e26e-f001-428b-9b58-a1e10b5afdd5,2749d0af-da2f-4abe-92e9-60a697890699,02-29e5ac3c22f3,"{""tr"": ""Merkez""}",t,0,2026-07-09 13:27:17.006188+00,,,,f,,
15f8fb7b-ea02-4a49-b56b-3d880ffcd0bc,2749d0af-da2f-4abe-92e9-60a697890699,02-53c385826327,"{""tr"": ""Samsat""}",t,0,2026-07-09 13:27:17.006188+00,,,,f,,
8cb8cb22-4b37-4e69-8eb0-d5764b9908c9,2749d0af-da2f-4abe-92e9-60a697890699,02-7c5c4f1aef38,"{""tr"": ""Sincik""}",t,0,2026-07-09 13:27:17.006188+00,,,,f,,
1a0a1ca5-dd86-4b0d-bf10-cfda623071e6,2749d0af-da2f-4abe-92e9-60a697890699,02-ddd865fc950e,"{""tr"": ""Tut""}",t,0,2026-07-09 13:27:17.006188+00,,,,f,,
45033e8c-b3c2-4d4d-a2cb-e7769483a5ac,2b498881-6b41-487a-bcb3-a848b2c0fe49,03-206d52a2d839,"{""tr"": ""Başmakçı""}",t,0,2026-07-09 13:27:17.006188+00,,,,f,,
0838500a-8a5a-4fef-94be-dc6a70e719b7,2b498881-6b41-487a-bcb3-a848b2c0fe49,03-09201c47ec4e,"{""tr"": ""Bayat""}",t,0,2026-07-09 13:27:17.006188+00,,,,f,,
43591e4c-a552-4d3a-903f-b934c5bb9ce4,2b498881-6b41-487a-bcb3-a848b2c0fe49,03-ae4eac8f7f59,"{""tr"": ""Bolvadin""}",t,0,2026-07-09 13:27:17.006188+00,,,,f,,
41a97beb-fd2e-48af-9d29-dbf413e9747b,2b498881-6b41-487a-bcb3-a848b2c0fe49,03-1c4941dc735e,"{""tr"": ""Çay""}",t,0,2026-07-09 13:27:17.006188+00,,,,f,,
7a13cc2e-f895-405c-ae2a-36ba150021c6,2b498881-6b41-487a-bcb3-a848b2c0fe49,03-fb5ef61b6c89,"{""tr"": ""Çobanlar""}",t,0,2026-07-09 13:27:17.006188+00,,,,f,,
c5f49988-14f1-434c-8f4a-044385680766,2b498881-6b41-487a-bcb3-a848b2c0fe49,03-4c2eafddfd84,"{""tr"": ""Dazkırı""}",t,0,2026-07-09 13:27:17.006188+00,,,,f,,
cad0be26-16e1-46d6-bc25-2a032ce32502,2b498881-6b41-487a-bcb3-a848b2c0fe49,03-16ffec929354,"{""tr"": ""Dinar""}",t,0,2026-07-09 13:27:17.006188+00,,,,f,,
9e31d803-8821-498b-8a88-040cde6cb301,2b498881-6b41-487a-bcb3-a848b2c0fe49,03-c217a40e3e45,"{""tr"": ""Emirdağ""}",t,0,2026-07-09 13:27:17.006188+00,,,,f,,
f04950c0-f7cf-431a-bced-2cccc56060be,2b498881-6b41-487a-bcb3-a848b2c0fe49,03-c14a07a65fad,"{""tr"": ""Evciler""}",t,0,2026-07-09 13:27:17.006188+00,,,,f,,
a43b5260-0321-46b4-9c77-9f351ee2e42b,2b498881-6b41-487a-bcb3-a848b2c0fe49,03-c8529bf1de90,"{""tr"": ""Hocalar""}",t,0,2026-07-09 13:27:17.006188+00,,,,f,,
9475efc8-b2c7-4143-abcb-db60e1dbb714,2b498881-6b41-487a-bcb3-a848b2c0fe49,03-e66da8a01f80,"{""tr"": ""İhsaniye""}",t,0,2026-07-09 13:27:17.006188+00,,,,f,,
67537d8e-869f-4853-b3bc-fa8d7fc61269,2b498881-6b41-487a-bcb3-a848b2c0fe49,03-105a5caeda57,"{""tr"": ""İscehisar""}",t,0,2026-07-09 13:27:17.006188+00,,,,f,,
a0e1c57e-78d6-41f8-a4c9-cb0fe6bbc3a4,2b498881-6b41-487a-bcb3-a848b2c0fe49,03-dcd05fd3f712,"{""tr"": ""Kızılören""}",t,0,2026-07-09 13:27:17.006188+00,,,,f,,
73872841-f602-4f6c-8f4d-0c9a0bf5f4f6,2b498881-6b41-487a-bcb3-a848b2c0fe49,03-29e5ac3c22f3,"{""tr"": ""Merkez""}",t,0,2026-07-09 13:27:17.006188+00,,,,f,,
8920a166-4506-46fc-8529-a55934ebb875,2b498881-6b41-487a-bcb3-a848b2c0fe49,03-80d1b2b9aafb,"{""tr"": ""Sandıklı""}",t,0,2026-07-09 13:27:17.006188+00,,,,f,,
738bb387-0971-4667-8d62-7a11483be49d,2b498881-6b41-487a-bcb3-a848b2c0fe49,03-29d746a54b7a,"{""tr"": ""Sinanpaşa""}",t,0,2026-07-09 13:27:17.006188+00,,,,f,,
e00fe5b8-ebe0-4c44-9390-420928501b3b,2b498881-6b41-487a-bcb3-a848b2c0fe49,03-23d9b0575c80,"{""tr"": ""Sultandağı""}",t,0,2026-07-09 13:27:17.006188+00,,,,f,,
79e0d79e-5728-41c3-bf0c-cebaf40e77d0,2b498881-6b41-487a-bcb3-a848b2c0fe49,03-77616d3e0b3a,"{""tr"": ""Şuhut""}",t,0,2026-07-09 13:27:17.006188+00,,,,f,,
a076ed0a-c643-439e-bd1d-657af14afd94,71538481-02ae-44f7-aece-9aa0837a517e,04-9b08e6994656,"{""tr"": ""Diyadin""}",t,0,2026-07-09 13:27:17.006188+00,,,,f,,
1ec7cdd7-c3ca-4639-a4b7-c78eb1e47cc5,71538481-02ae-44f7-aece-9aa0837a517e,04-bb12aa0c7a5b,"{""tr"": ""Doğubayazıt""}",t,0,2026-07-09 13:27:17.006188+00,,,,f,,
9fb8315a-55d2-4de4-8e9c-23dd5d50fed6,71538481-02ae-44f7-aece-9aa0837a517e,04-34dd2dbed757,"{""tr"": ""Eleşkirt""}",t,0,2026-07-09 13:27:17.006188+00,,,,f,,
ccc31a0b-5cf6-4a78-958e-a1d75e56b33d,71538481-02ae-44f7-aece-9aa0837a517e,04-52e40adacc28,"{""tr"": ""Hamur""}",t,0,2026-07-09 13:27:17.006188+00,,,,f,,
df5a37cf-e57f-4b4a-a4a1-adbfea793615,71538481-02ae-44f7-aece-9aa0837a517e,04-29e5ac3c22f3,"{""tr"": ""Merkez""}",t,0,2026-07-09 13:27:17.006188+00,,,,f,,
48a416b3-2604-478e-b851-d656a131a373,71538481-02ae-44f7-aece-9aa0837a517e,04-43ed88aa7027,"{""tr"": ""Patnos""}",t,0,2026-07-09 13:27:17.006188+00,,,,f,,
a763d7be-a985-45f4-b6ff-26dc8fb19fc5,71538481-02ae-44f7-aece-9aa0837a517e,04-dd65f63210a9,"{""tr"": ""Taşlıçay""}",t,0,2026-07-09 13:27:17.006188+00,,,,f,,
0f5f3f54-4d68-4024-b93a-a49f598e9ddc,71538481-02ae-44f7-aece-9aa0837a517e,04-97df56336e54,"{""tr"": ""Tutak""}",t,0,2026-07-09 13:27:17.006188+00,,,,f,,
4c7e25da-c015-47a2-9992-fbfe2722244c,2c8e604f-c059-45d7-88ed-764b99fe4764,68-dfc3c70d2335,"{""tr"": ""Ağaçören""}",t,0,2026-07-09 13:27:17.006188+00,,,,f,,
a91bfe2b-fc79-4884-9f7f-72b725a6e5ed,2c8e604f-c059-45d7-88ed-764b99fe4764,68-cb2fbb7d6bd4,"{""tr"": ""Eskil""}",t,0,2026-07-09 13:27:17.006188+00,,,,f,,
c9a79f27-9f73-45cd-8af6-5a734faae445,2c8e604f-c059-45d7-88ed-764b99fe4764,68-1a711a021c58,"{""tr"": ""Gülağaç""}",t,0,2026-07-09 13:27:17.006188+00,,,,f,,
c1bd736a-d00d-4b9a-bda6-1fdb79a77e6c,2c8e604f-c059-45d7-88ed-764b99fe4764,68-4cae68e42e9d,"{""tr"": ""Güzelyurt""}",t,0,2026-07-09 13:27:17.006188+00,,,,f,,
5db02903-c7ed-435a-873c-ab03f53c8c2c,2c8e604f-c059-45d7-88ed-764b99fe4764,68-29e5ac3c22f3,"{""tr"": ""Merkez""}",t,0,2026-07-09 13:27:17.006188+00,,,,f,,
14203f8e-1630-43e0-8592-080737ab3928,2c8e604f-c059-45d7-88ed-764b99fe4764,68-83826981b239,"{""tr"": ""Ortaköy""}",t,0,2026-07-09 13:27:17.006188+00,,,,f,,
6e856e1c-92c2-4793-89e9-0bbdb6ffea7c,2c8e604f-c059-45d7-88ed-764b99fe4764,68-b68da7a81ec6,"{""tr"": ""Sarıyahşi""}",t,0,2026-07-09 13:27:17.006188+00,,,,f,,
c2f83a70-371f-41e8-af12-9fa4954458d2,2c8e604f-c059-45d7-88ed-764b99fe4764,68-7b0224359eb5,"{""tr"": ""Sultanhanı""}",t,0,2026-07-09 13:27:17.006188+00,,,,f,,
e15f52e1-17fa-4c58-80a5-1710c132e0ff,4eb42539-2a51-44ab-9654-0e088f831535,05-73f6ab8c4a54,"{""tr"": ""Göynücek""}",t,0,2026-07-09 13:27:17.006188+00,,,,f,,
80cd028f-49c2-485e-b90e-dba94d5641b9,4eb42539-2a51-44ab-9654-0e088f831535,05-e1c24b5d9efc,"{""tr"": ""Gümüşhacıköy""}",t,0,2026-07-09 13:27:17.006188+00,,,,f,,
73ad9d54-6710-49d0-b4b8-261b2b407aa8,4eb42539-2a51-44ab-9654-0e088f831535,05-08714de0592f,"{""tr"": ""Hamamözü""}",t,0,2026-07-09 13:27:17.006188+00,,,,f,,
a90a464d-4597-4727-a1ce-c579912b588c,4eb42539-2a51-44ab-9654-0e088f831535,05-29e5ac3c22f3,"{""tr"": ""Merkez""}",t,0,2026-07-09 13:27:17.006188+00,,,,f,,
c9a5426f-793a-42c7-b439-54de8731cf2c,4eb42539-2a51-44ab-9654-0e088f831535,05-5ae5f15678f8,"{""tr"": ""Merzifon""}",t,0,2026-07-09 13:27:17.006188+00,,,,f,,
d808af09-fff5-456d-a243-e24ed95ae946,4eb42539-2a51-44ab-9654-0e088f831535,05-bbf9ac76f2d7,"{""tr"": ""Suluova""}",t,0,2026-07-09 13:27:17.006188+00,,,,f,,
8f11ecbd-e94c-4342-aacf-5e36d8da000c,4eb42539-2a51-44ab-9654-0e088f831535,05-a734c9b11b6c,"{""tr"": ""Taşova""}",t,0,2026-07-09 13:27:17.006188+00,,,,f,,
e625a922-6eb7-4340-8d27-bdf6f1d9c024,0743095c-7ab3-49da-b66e-0aa50d68afcc,06-71756003e9f4,"{""tr"": ""Akyurt""}",t,0,2026-07-09 13:27:17.006188+00,,,,f,,
9c78ef0b-8ddd-43b1-939e-e22d5552e421,0743095c-7ab3-49da-b66e-0aa50d68afcc,06-2ce5ad80fdba,"{""tr"": ""Altındağ""}",t,0,2026-07-09 13:27:17.006188+00,,,,f,,
f1be1b6f-b929-47a9-82da-78c93ed6f309,0743095c-7ab3-49da-b66e-0aa50d68afcc,06-73378b36467b,"{""tr"": ""Ayaş""}",t,0,2026-07-09 13:27:17.006188+00,,,,f,,
df1c68a7-1993-4f53-bd6d-2c48298f73fd,0743095c-7ab3-49da-b66e-0aa50d68afcc,06-886b5c4cc901,"{""tr"": ""Bala""}",t,0,2026-07-09 13:27:17.006188+00,,,,f,,
4ed1bae4-aca9-46e8-bc43-326087b5039f,0743095c-7ab3-49da-b66e-0aa50d68afcc,06-dcf8bb67dfb2,"{""tr"": ""Beypazarı""}",t,0,2026-07-09 13:27:17.006188+00,,,,f,,
8b994870-1a6d-401c-9fc0-7c0c790457a4,0743095c-7ab3-49da-b66e-0aa50d68afcc,06-fd8376fa41d0,"{""tr"": ""Çamlıdere""}",t,0,2026-07-09 13:27:17.006188+00,,,,f,,
6e97ae71-34df-4615-b7ce-b13e23f1c995,0743095c-7ab3-49da-b66e-0aa50d68afcc,06-c597ad101e77,"{""tr"": ""Çankaya""}",t,0,2026-07-09 13:27:17.006188+00,,,,f,,
0c8734b0-407b-4019-a80e-7d4b61bf6dce,0743095c-7ab3-49da-b66e-0aa50d68afcc,06-8202d6668b1d,"{""tr"": ""Çubuk""}",t,0,2026-07-09 13:27:17.006188+00,,,,f,,
5fbcb43d-b21d-47f8-8fa5-4da8cb1dee62,0743095c-7ab3-49da-b66e-0aa50d68afcc,06-894228726a86,"{""tr"": ""Elmadağ""}",t,0,2026-07-09 13:27:17.006188+00,,,,f,,
3fef625c-e061-4372-9c05-2bbef1203718,0743095c-7ab3-49da-b66e-0aa50d68afcc,06-293999a7faf2,"{""tr"": ""Etimesgut""}",t,0,2026-07-09 13:27:17.006188+00,,,,f,,
760aa24f-e9b1-4931-9d1a-e687eba4e52a,0743095c-7ab3-49da-b66e-0aa50d68afcc,06-f3e4ecbd1485,"{""tr"": ""Evren""}",t,0,2026-07-09 13:27:17.006188+00,,,,f,,
644732ca-72eb-4dbe-a14e-b37281efb952,0743095c-7ab3-49da-b66e-0aa50d68afcc,06-5ba53e60a882,"{""tr"": ""Gölbaşı""}",t,0,2026-07-09 13:27:17.006188+00,,,,f,,
5e49b131-efc1-42e1-925a-3e370978ead3,0743095c-7ab3-49da-b66e-0aa50d68afcc,06-c7cd883aa833,"{""tr"": ""Güdül""}",t,0,2026-07-09 13:27:17.006188+00,,,,f,,
983e569b-f300-4953-a706-997ee29b8e73,0743095c-7ab3-49da-b66e-0aa50d68afcc,06-200f4e40d1eb,"{""tr"": ""Haymana""}",t,0,2026-07-09 13:27:17.006188+00,,,,f,,
464a13d1-f242-4bcc-945b-674048284a25,0743095c-7ab3-49da-b66e-0aa50d68afcc,06-2b6dd5ee07f2,"{""tr"": ""Kahramankazan""}",t,0,2026-07-09 13:27:17.006188+00,,,,f,,
6f5a0f2d-f6df-448e-9efc-6f6d9fe28333,0743095c-7ab3-49da-b66e-0aa50d68afcc,06-219775b168f6,"{""tr"": ""Kalecik""}",t,0,2026-07-09 13:27:17.006188+00,,,,f,,
d23c2014-c6b8-4f32-b767-204439a42a2b,0743095c-7ab3-49da-b66e-0aa50d68afcc,06-7fe0ee07518f,"{""tr"": ""Keçiören""}",t,0,2026-07-09 13:27:17.006188+00,,,,f,,
cbb9305d-60f9-4682-b4fc-b7b93c47380b,0743095c-7ab3-49da-b66e-0aa50d68afcc,06-5251d4d6b63d,"{""tr"": ""Kızılcahamam""}",t,0,2026-07-09 13:27:17.006188+00,,,,f,,
755987e4-b954-48ee-aab4-412cad9f095b,0743095c-7ab3-49da-b66e-0aa50d68afcc,06-a35e889d301e,"{""tr"": ""Mamak""}",t,0,2026-07-09 13:27:17.006188+00,,,,f,,
e38b2890-5e35-4e1a-ac5e-54d1cdd2e4f0,0743095c-7ab3-49da-b66e-0aa50d68afcc,06-48781cad9e29,"{""tr"": ""Nallıhan""}",t,0,2026-07-09 13:27:17.006188+00,,,,f,,
aa6e3edd-ec83-4cb0-999f-b20aae24ee79,0743095c-7ab3-49da-b66e-0aa50d68afcc,06-1007ebb18335,"{""tr"": ""Polatlı""}",t,0,2026-07-09 13:27:17.006188+00,,,,f,,
cbe15e78-ce63-4aa0-8d52-800f22af2a45,0743095c-7ab3-49da-b66e-0aa50d68afcc,06-fd8db3abe2d9,"{""tr"": ""Pursaklar""}",t,0,2026-07-09 13:27:17.006188+00,,,,f,,
b883e7d5-facd-43cb-b2bb-59a598bf2e8b,0743095c-7ab3-49da-b66e-0aa50d68afcc,06-2663420f2b3a,"{""tr"": ""Sincan""}",t,0,2026-07-09 13:27:17.006188+00,,,,f,,
e98aee81-266f-4229-9cfe-ff73c51e9eed,0743095c-7ab3-49da-b66e-0aa50d68afcc,06-3241b726a263,"{""tr"": ""Şereflikoçhisar""}",t,0,2026-07-09 13:27:17.006188+00,,,,f,,
0f968e89-b1ac-41dd-be18-dbaa570febc3,0743095c-7ab3-49da-b66e-0aa50d68afcc,06-3dc8a017eb29,"{""tr"": ""Yenimahalle""}",t,0,2026-07-09 13:27:17.006188+00,,,,f,,
d593f70b-8266-4386-adef-7f6ffaa9a44e,30b59edc-d480-4e7b-a6b6-d3e3fe3e7652,07-212cf2830250,"{""tr"": ""Akseki""}",t,0,2026-07-09 13:27:17.006188+00,,,,f,,
3a2a058e-13ee-420a-9de0-ba94b795aedd,30b59edc-d480-4e7b-a6b6-d3e3fe3e7652,07-e01044a10820,"{""tr"": ""Aksu""}",t,0,2026-07-09 13:27:17.006188+00,,,,f,,
6ba05403-d88f-4eca-a449-84c034a63344,30b59edc-d480-4e7b-a6b6-d3e3fe3e7652,07-b37a101c0006,"{""tr"": ""Alanya""}",t,0,2026-07-09 13:27:17.006188+00,,,,f,,
61652bbc-65bc-45c1-a2d2-56cdac0e2b6e,30b59edc-d480-4e7b-a6b6-d3e3fe3e7652,07-e58c16a995dd,"{""tr"": ""Demre""}",t,0,2026-07-09 13:27:17.006188+00,,,,f,,
8a5647f4-eead-4f0c-9e87-447892898151,30b59edc-d480-4e7b-a6b6-d3e3fe3e7652,07-bc0e05ed4383,"{""tr"": ""Döşemealtı""}",t,0,2026-07-09 13:27:17.006188+00,,,,f,,
3022aea9-f4f2-450e-b180-8df6e850edcd,30b59edc-d480-4e7b-a6b6-d3e3fe3e7652,07-b41bfc727a17,"{""tr"": ""Elmalı""}",t,0,2026-07-09 13:27:17.006188+00,,,,f,,
6d45ff5f-03b7-4016-b11c-8cb85e7fb9d6,30b59edc-d480-4e7b-a6b6-d3e3fe3e7652,07-b736f3f6904f,"{""tr"": ""Finike""}",t,0,2026-07-09 13:27:17.006188+00,,,,f,,
e34a515e-9b1d-4cd0-8937-c15ede2a2113,30b59edc-d480-4e7b-a6b6-d3e3fe3e7652,07-a33b46f4e5b1,"{""tr"": ""Gazipaşa""}",t,0,2026-07-09 13:27:17.006188+00,,,,f,,
8ac9f6cf-1633-49da-9d7b-f562902bbaad,30b59edc-d480-4e7b-a6b6-d3e3fe3e7652,07-991257b06b88,"{""tr"": ""Gündoğmuş""}",t,0,2026-07-09 13:27:17.006188+00,,,,f,,
f5ccd302-6522-40ed-acc2-7f18e8e3d887,30b59edc-d480-4e7b-a6b6-d3e3fe3e7652,07-b8a25e7933dc,"{""tr"": ""İbradı""}",t,0,2026-07-09 13:27:17.006188+00,,,,f,,
31ac344d-9b3f-4e2b-9b07-05d496922cdd,30b59edc-d480-4e7b-a6b6-d3e3fe3e7652,07-3fb84724018b,"{""tr"": ""Kaş""}",t,0,2026-07-09 13:27:17.006188+00,,,,f,,
54eff3aa-e1eb-447a-a3cc-1690e24dd1ad,30b59edc-d480-4e7b-a6b6-d3e3fe3e7652,07-605d1cb1ea70,"{""tr"": ""Kemer""}",t,0,2026-07-09 13:27:17.006188+00,,,,f,,
c4c2d323-360a-40a1-9429-c6c63dd0041b,30b59edc-d480-4e7b-a6b6-d3e3fe3e7652,07-bad65b7762d4,"{""tr"": ""Kepez""}",t,0,2026-07-09 13:27:17.006188+00,,,,f,,
6d086f83-5ded-4f52-94cc-70c7b4253768,30b59edc-d480-4e7b-a6b6-d3e3fe3e7652,07-488f78910906,"{""tr"": ""Konyaaltı""}",t,0,2026-07-09 13:27:17.006188+00,,,,f,,
1e4c7498-9bed-4068-9a7b-afd22ecd9e11,30b59edc-d480-4e7b-a6b6-d3e3fe3e7652,07-fe214321367e,"{""tr"": ""Korkuteli""}",t,0,2026-07-09 13:27:17.006188+00,,,,f,,
b79d71da-17ac-4f5c-87bb-f534ed66f476,30b59edc-d480-4e7b-a6b6-d3e3fe3e7652,07-944260e695ef,"{""tr"": ""Kumluca""}",t,0,2026-07-09 13:27:17.006188+00,,,,f,,
e10feacd-28c7-47ae-aa17-3f576f46b5c4,30b59edc-d480-4e7b-a6b6-d3e3fe3e7652,07-73914741793a,"{""tr"": ""Manavgat""}",t,0,2026-07-09 13:27:17.006188+00,,,,f,,
364588ff-0001-4796-8e1c-7d30c9b47d0b,30b59edc-d480-4e7b-a6b6-d3e3fe3e7652,07-fd9b48d766f9,"{""tr"": ""Muratpaşa""}",t,0,2026-07-09 13:27:17.006188+00,,,,f,,
113233e0-7e04-4a7c-91ad-88ebefa8347c,30b59edc-d480-4e7b-a6b6-d3e3fe3e7652,07-2db8ed949b63,"{""tr"": ""Serik""}",t,0,2026-07-09 13:27:17.006188+00,,,,f,,
41688569-b94d-436e-b224-55f96e7d6273,fd8d3a47-bacc-446f-80ea-2a2567ff122b,75-59ee7dd0248b,"{""tr"": ""Çıldır""}",t,0,2026-07-09 13:27:17.006188+00,,,,f,,
3efb8554-ca2c-4b87-916c-ec31e4506981,fd8d3a47-bacc-446f-80ea-2a2567ff122b,75-346dfd41ed3c,"{""tr"": ""Damal""}",t,0,2026-07-09 13:27:17.006188+00,,,,f,,
0c58fa6b-92f3-4e94-b0de-5538e686b069,fd8d3a47-bacc-446f-80ea-2a2567ff122b,75-0430ded6ffd1,"{""tr"": ""Göle""}",t,0,2026-07-09 13:27:17.006188+00,,,,f,,
08247c5e-6fc1-469d-801c-5bd60f1c816e,fd8d3a47-bacc-446f-80ea-2a2567ff122b,75-be198326a225,"{""tr"": ""Hanak""}",t,0,2026-07-09 13:27:17.006188+00,,,,f,,
5f74fc83-d8c3-44d6-b80a-8372631e33dd,fd8d3a47-bacc-446f-80ea-2a2567ff122b,75-29e5ac3c22f3,"{""tr"": ""Merkez""}",t,0,2026-07-09 13:27:17.006188+00,,,,f,,
37d19278-970e-47f0-a435-d101ea7c059c,fd8d3a47-bacc-446f-80ea-2a2567ff122b,75-9dc2e65e5d02,"{""tr"": ""Posof""}",t,0,2026-07-09 13:27:17.006188+00,,,,f,,
82560cab-568d-4399-a28a-f653c4899c29,e1c87546-0006-4cad-acdc-3dc7831010e9,08-8b31446e5e4d,"{""tr"": ""Ardanuç""}",t,0,2026-07-09 13:27:17.006188+00,,,,f,,
7f322ca0-6ffa-427a-b98f-0f3e2cf0bf9c,e1c87546-0006-4cad-acdc-3dc7831010e9,08-03ded5bc04f5,"{""tr"": ""Arhavi""}",t,0,2026-07-09 13:27:17.006188+00,,,,f,,
a2dae636-8a3a-462a-9259-71bfe0b9fffc,e1c87546-0006-4cad-acdc-3dc7831010e9,08-3c0e8e59ac8f,"{""tr"": ""Borçka""}",t,0,2026-07-09 13:27:17.006188+00,,,,f,,
f0076d70-6e7b-46b0-bb12-5326eb6c8331,e1c87546-0006-4cad-acdc-3dc7831010e9,08-18007474da07,"{""tr"": ""Hopa""}",t,0,2026-07-09 13:27:17.006188+00,,,,f,,
d8490f76-c058-4983-b209-7059b8b490fe,e1c87546-0006-4cad-acdc-3dc7831010e9,08-d858a4ac7984,"{""tr"": ""Kemalpaşa""}",t,0,2026-07-09 13:27:17.006188+00,,,,f,,
8444b5d2-af9c-4a4c-ae5d-bda3b62c7b9c,e1c87546-0006-4cad-acdc-3dc7831010e9,08-29e5ac3c22f3,"{""tr"": ""Merkez""}",t,0,2026-07-09 13:27:17.006188+00,,,,f,,
a90779f0-fac9-47d6-a766-d750738111d6,e1c87546-0006-4cad-acdc-3dc7831010e9,08-8b05dff438b7,"{""tr"": ""Murgul""}",t,0,2026-07-09 13:27:17.006188+00,,,,f,,
75c491f7-e351-464e-a180-82b8b975f1d9,e1c87546-0006-4cad-acdc-3dc7831010e9,08-34dc824170b3,"{""tr"": ""Şavşat""}",t,0,2026-07-09 13:27:17.006188+00,,,,f,,
eed461ba-54b1-46cc-9b3b-ea5726ce8c41,e1c87546-0006-4cad-acdc-3dc7831010e9,08-18e9f6c2ae9b,"{""tr"": ""Yusufeli""}",t,0,2026-07-09 13:27:17.006188+00,,,,f,,
0f0e4595-d1a8-468d-9d35-bbbf50513112,823e5a39-cfc9-4b16-b7ba-aaae906d9151,09-083bfd2f1254,"{""tr"": ""Bozdoğan""}",t,0,2026-07-09 13:27:17.006188+00,,,,f,,
fb16a126-1cae-4006-b6a4-d33d9008a835,823e5a39-cfc9-4b16-b7ba-aaae906d9151,09-2d11c4f47c0a,"{""tr"": ""Buharkent""}",t,0,2026-07-09 13:27:17.006188+00,,,,f,,
f6726e42-9a25-4807-92bc-4a6f409ee95f,823e5a39-cfc9-4b16-b7ba-aaae906d9151,09-8a1363d997fe,"{""tr"": ""Çine""}",t,0,2026-07-09 13:27:17.006188+00,,,,f,,
fc76b391-2bb2-4eea-9b68-6af43c401e97,823e5a39-cfc9-4b16-b7ba-aaae906d9151,09-dea53967d7ce,"{""tr"": ""Didim""}",t,0,2026-07-09 13:27:17.006188+00,,,,f,,
662f457a-9f0d-4414-94a7-955ad46b9975,823e5a39-cfc9-4b16-b7ba-aaae906d9151,09-73ce91708f9d,"{""tr"": ""Efeler""}",t,0,2026-07-09 13:27:17.006188+00,,,,f,,
22529476-e2e7-4e56-8dbb-477667359ac9,823e5a39-cfc9-4b16-b7ba-aaae906d9151,09-721fe26f4da8,"{""tr"": ""Germencik""}",t,0,2026-07-09 13:27:17.006188+00,,,,f,,
2fa44817-5389-4980-9354-d02dbed6f0cd,823e5a39-cfc9-4b16-b7ba-aaae906d9151,09-8ce211e68b12,"{""tr"": ""İncirliova""}",t,0,2026-07-09 13:27:17.006188+00,,,,f,,
f80ce89e-051a-4f31-9f17-b61a0f8830a0,823e5a39-cfc9-4b16-b7ba-aaae906d9151,09-cc0a83678df1,"{""tr"": ""Karacasu""}",t,0,2026-07-09 13:27:17.006188+00,,,,f,,
c108a67f-6e3e-479d-a87d-ff37c10fd941,823e5a39-cfc9-4b16-b7ba-aaae906d9151,09-34cd235ba052,"{""tr"": ""Karpuzlu""}",t,0,2026-07-09 13:27:17.006188+00,,,,f,,
36b5849b-1077-4285-b1da-dca72727ffe6,823e5a39-cfc9-4b16-b7ba-aaae906d9151,09-a14d634fd3d9,"{""tr"": ""Koçarlı""}",t,0,2026-07-09 13:27:17.006188+00,,,,f,,
e47b7cdc-1e5c-4d91-a6b7-fecee4ed3ac7,823e5a39-cfc9-4b16-b7ba-aaae906d9151,09-d67e3b054ae7,"{""tr"": ""Köşk""}",t,0,2026-07-09 13:27:17.006188+00,,,,f,,
13265f82-67ad-45ca-9e55-c8baa0d02ee5,823e5a39-cfc9-4b16-b7ba-aaae906d9151,09-b4524bb0d9e4,"{""tr"": ""Kuşadası""}",t,0,2026-07-09 13:27:17.006188+00,,,,f,,
e4fd7108-a507-497a-9677-ff459e4e86a7,823e5a39-cfc9-4b16-b7ba-aaae906d9151,09-6d14d99138f8,"{""tr"": ""Kuyucak""}",t,0,2026-07-09 13:27:17.006188+00,,,,f,,
8d72d835-726c-4b3a-b30c-694e10afaa25,823e5a39-cfc9-4b16-b7ba-aaae906d9151,09-64bd08e6ded5,"{""tr"": ""Nazilli""}",t,0,2026-07-09 13:27:17.006188+00,,,,f,,
d30985cc-fe26-4552-a1bd-83bf5440350d,823e5a39-cfc9-4b16-b7ba-aaae906d9151,09-cbe4e243cca0,"{""tr"": ""Söke""}",t,0,2026-07-09 13:27:17.006188+00,,,,f,,
bd291f4f-e41e-4564-809f-1e4e61c8b4f3,823e5a39-cfc9-4b16-b7ba-aaae906d9151,09-e3e4cf8d904f,"{""tr"": ""Sultanhisar""}",t,0,2026-07-09 13:27:17.006188+00,,,,f,,
ab8b4201-84a8-4541-b391-975a8272b949,823e5a39-cfc9-4b16-b7ba-aaae906d9151,09-03b2334be0cd,"{""tr"": ""Yenipazar""}",t,0,2026-07-09 13:27:17.006188+00,,,,f,,
48c09bc9-1c28-4062-b988-8f56ce6185b4,12083258-7fb8-4d78-8374-898a4125a2f5,10-84acbaad7eb0,"{""tr"": ""Altıeylül""}",t,0,2026-07-09 13:27:17.006188+00,,,,f,,
e7f63154-b35f-41a8-ab18-abd7f27c6671,12083258-7fb8-4d78-8374-898a4125a2f5,10-837220213996,"{""tr"": ""Ayvalık""}",t,0,2026-07-09 13:27:17.006188+00,,,,f,,
f167fc87-d0f0-44f8-9d9b-7bb58fb6c643,12083258-7fb8-4d78-8374-898a4125a2f5,10-92cba5dd377d,"{""tr"": ""Balya""}",t,0,2026-07-09 13:27:17.006188+00,,,,f,,
355c10b0-5a31-4eea-99c8-01640ca9fddf,12083258-7fb8-4d78-8374-898a4125a2f5,10-274167baf3de,"{""tr"": ""Bandırma""}",t,0,2026-07-09 13:27:17.006188+00,,,,f,,
f0f5d214-1f61-413d-81cf-6ccdeb52af49,12083258-7fb8-4d78-8374-898a4125a2f5,10-aea380335c8a,"{""tr"": ""Bigadiç""}",t,0,2026-07-09 13:27:17.006188+00,,,,f,,
1dbe6932-b105-4e44-86ad-15556d52a81e,12083258-7fb8-4d78-8374-898a4125a2f5,10-9cd913eca366,"{""tr"": ""Burhaniye""}",t,0,2026-07-09 13:27:17.006188+00,,,,f,,
ed5203ee-da2c-4189-a141-3d0f5e052804,12083258-7fb8-4d78-8374-898a4125a2f5,10-54f6af674bc5,"{""tr"": ""Dursunbey""}",t,0,2026-07-09 13:27:17.006188+00,,,,f,,
59f8c2e0-38ab-4a1f-a9fb-b43a503ee4ea,12083258-7fb8-4d78-8374-898a4125a2f5,10-86ba3d3dbfa2,"{""tr"": ""Edremit""}",t,0,2026-07-09 13:27:17.006188+00,,,,f,,
0a245ea8-a294-4b55-8b84-b1ee394a57ec,12083258-7fb8-4d78-8374-898a4125a2f5,10-f4841fa2426d,"{""tr"": ""Erdek""}",t,0,2026-07-09 13:27:17.006188+00,,,,f,,
17b39c7a-4356-499e-afe4-282294c6dbcd,12083258-7fb8-4d78-8374-898a4125a2f5,10-f3ac6673e6c4,"{""tr"": ""Gömeç""}",t,0,2026-07-09 13:27:17.006188+00,,,,f,,
6bb55c55-78cd-429e-a145-18a9af420a5a,12083258-7fb8-4d78-8374-898a4125a2f5,10-99f43e643f36,"{""tr"": ""Gönen""}",t,0,2026-07-09 13:27:17.006188+00,,,,f,,
57ae71a3-0b36-4525-9121-f4ccffb9f7a9,12083258-7fb8-4d78-8374-898a4125a2f5,10-9907ee564961,"{""tr"": ""Havran""}",t,0,2026-07-09 13:27:17.006188+00,,,,f,,
a6d7fa30-1b46-4e71-9a6a-53ae401d98b8,12083258-7fb8-4d78-8374-898a4125a2f5,10-a15426b0d3a3,"{""tr"": ""İvrindi""}",t,0,2026-07-09 13:27:17.006188+00,,,,f,,
a7add3e5-2fff-4364-9e53-874b0dce2b01,12083258-7fb8-4d78-8374-898a4125a2f5,10-4df231d43ee5,"{""tr"": ""Karesi""}",t,0,2026-07-09 13:27:17.006188+00,,,,f,,
f565e93a-1426-4791-8e6d-ac30927cb229,12083258-7fb8-4d78-8374-898a4125a2f5,10-755650009be7,"{""tr"": ""Kepsut""}",t,0,2026-07-09 13:27:17.006188+00,,,,f,,
8ac28e32-560a-4599-bf25-c0a19e66c4ae,12083258-7fb8-4d78-8374-898a4125a2f5,10-c3c94e25948f,"{""tr"": ""Manyas""}",t,0,2026-07-09 13:27:17.006188+00,,,,f,,
8ea1f840-7e47-44b5-b257-928d927fd792,12083258-7fb8-4d78-8374-898a4125a2f5,10-469b8b088ad1,"{""tr"": ""Marmara""}",t,0,2026-07-09 13:27:17.006188+00,,,,f,,
d20865f8-d0fe-42b9-b20e-616c7268c697,12083258-7fb8-4d78-8374-898a4125a2f5,10-d8f1da8cedce,"{""tr"": ""Savaştepe""}",t,0,2026-07-09 13:27:17.006188+00,,,,f,,
8f86dae5-8377-4de8-b4cc-74614bca5803,12083258-7fb8-4d78-8374-898a4125a2f5,10-016499162271,"{""tr"": ""Sındırgı""}",t,0,2026-07-09 13:27:17.006188+00,,,,f,,
f1635bda-87ad-4db8-84e8-7640a05ae02c,12083258-7fb8-4d78-8374-898a4125a2f5,10-d185ceec0c3b,"{""tr"": ""Susurluk""}",t,0,2026-07-09 13:27:17.006188+00,,,,f,,
e679c8da-e5c4-49a1-9fd8-a23a3e087582,66576d1c-ea7a-4da3-b410-e2a5b4cb33f2,74-9a6664c7c057,"{""tr"": ""Amasra""}",t,0,2026-07-09 13:27:17.006188+00,,,,f,,
777df50b-6e0d-463f-ae3a-7eba2cb800bd,66576d1c-ea7a-4da3-b410-e2a5b4cb33f2,74-27afc2c8c011,"{""tr"": ""Kurucaşile""}",t,0,2026-07-09 13:27:17.006188+00,,,,f,,
042a1ae3-69e3-446a-8bfa-86b58b5770cc,66576d1c-ea7a-4da3-b410-e2a5b4cb33f2,74-29e5ac3c22f3,"{""tr"": ""Merkez""}",t,0,2026-07-09 13:27:17.006188+00,,,,f,,
d23ba68c-d584-4605-9b0f-50d2be03998c,66576d1c-ea7a-4da3-b410-e2a5b4cb33f2,74-da93577ee149,"{""tr"": ""Ulus""}",t,0,2026-07-09 13:27:17.006188+00,,,,f,,
dd4eb77b-65fc-4f5d-9d3d-4a195526be5c,1d0af5a7-ca28-4714-879d-6d49e475945d,72-a7bc110d6021,"{""tr"": ""Beşiri""}",t,0,2026-07-09 13:27:17.006188+00,,,,f,,
3f5b2392-28b8-4276-816a-913e16ec0ba6,1d0af5a7-ca28-4714-879d-6d49e475945d,72-1b85604e4196,"{""tr"": ""Gercüş""}",t,0,2026-07-09 13:27:17.006188+00,,,,f,,
fc19f740-42f9-4d57-b828-c1ffe98a5aa5,1d0af5a7-ca28-4714-879d-6d49e475945d,72-d7295f6fc443,"{""tr"": ""Hasankeyf""}",t,0,2026-07-09 13:27:17.006188+00,,,,f,,
bd1e848c-faad-4c29-b330-269253983eaa,1d0af5a7-ca28-4714-879d-6d49e475945d,72-752afd10b602,"{""tr"": ""Kozluk""}",t,0,2026-07-09 13:27:17.006188+00,,,,f,,
eced7b76-7e58-433c-b1dc-bf23f5552d57,1d0af5a7-ca28-4714-879d-6d49e475945d,72-29e5ac3c22f3,"{""tr"": ""Merkez""}",t,0,2026-07-09 13:27:17.006188+00,,,,f,,
2c750247-ac6e-4ed9-a936-ae53f81443d6,1d0af5a7-ca28-4714-879d-6d49e475945d,72-de6aadf225cb,"{""tr"": ""Sason""}",t,0,2026-07-09 13:27:17.006188+00,,,,f,,
9b482d69-e882-4381-91da-b33ee99f0219,f5d2a954-35e7-4f36-b445-747cd95f4e1d,69-d8b812589674,"{""tr"": ""Aydıntepe""}",t,0,2026-07-09 13:27:17.006188+00,,,,f,,
188ce86d-a4eb-4696-8e95-b0892453d326,f5d2a954-35e7-4f36-b445-747cd95f4e1d,69-58984609baa8,"{""tr"": ""Demirözü""}",t,0,2026-07-09 13:27:17.006188+00,,,,f,,
ab60d78d-491b-4705-b0b9-d05729553e4b,f5d2a954-35e7-4f36-b445-747cd95f4e1d,69-29e5ac3c22f3,"{""tr"": ""Merkez""}",t,0,2026-07-09 13:27:17.006188+00,,,,f,,
d18b321c-0284-485e-9d9f-a03e9adf44c2,6111521c-4638-488a-8a3c-b000e148130e,11-bde890bd0c29,"{""tr"": ""Bozüyük""}",t,0,2026-07-09 13:27:17.006188+00,,,,f,,
2c2b0b94-ee7a-42e1-90af-7bc17da88f8e,6111521c-4638-488a-8a3c-b000e148130e,11-53dbaa6ad3ff,"{""tr"": ""Gölpazarı""}",t,0,2026-07-09 13:27:17.006188+00,,,,f,,
94e884e5-91ec-4d8c-9f37-4515b915b22f,6111521c-4638-488a-8a3c-b000e148130e,11-f69b30113351,"{""tr"": ""İnhisar""}",t,0,2026-07-09 13:27:17.006188+00,,,,f,,
c6fac92d-147a-48f1-bdd5-a99f4ff29240,6111521c-4638-488a-8a3c-b000e148130e,11-29e5ac3c22f3,"{""tr"": ""Merkez""}",t,0,2026-07-09 13:27:17.006188+00,,,,f,,
c5b02a3a-5af8-4a5f-b8e7-c22f9483e03d,6111521c-4638-488a-8a3c-b000e148130e,11-83edd2a591ac,"{""tr"": ""Osmaneli""}",t,0,2026-07-09 13:27:17.006188+00,,,,f,,
26d19357-8602-4eca-81dd-b4a051731382,6111521c-4638-488a-8a3c-b000e148130e,11-dc2426dea9cd,"{""tr"": ""Pazaryeri""}",t,0,2026-07-09 13:27:17.006188+00,,,,f,,
edfeb466-23c6-4ed4-9551-a5bb48361fa1,6111521c-4638-488a-8a3c-b000e148130e,11-27fc2ea6bae1,"{""tr"": ""Söğüt""}",t,0,2026-07-09 13:27:17.006188+00,,,,f,,
19503743-85d8-45f1-a6fa-ebb61ea4645d,6111521c-4638-488a-8a3c-b000e148130e,11-03b2334be0cd,"{""tr"": ""Yenipazar""}",t,0,2026-07-09 13:27:17.006188+00,,,,f,,
15f72160-d57c-4999-ad2e-68fdbebfbb2b,d8d49624-3cdf-430d-9805-26aa29191387,12-ce86306cef7d,"{""tr"": ""Adaklı""}",t,0,2026-07-09 13:27:17.006188+00,,,,f,,
e8d6f970-92b8-42c9-8661-2578a26f25ae,d8d49624-3cdf-430d-9805-26aa29191387,12-1a3fc4a3ceaa,"{""tr"": ""Genç""}",t,0,2026-07-09 13:27:17.006188+00,,,,f,,
943fa4d7-302f-4953-9ee6-b605d108ac1f,d8d49624-3cdf-430d-9805-26aa29191387,12-612d872ba715,"{""tr"": ""Karlıova""}",t,0,2026-07-09 13:27:17.006188+00,,,,f,,
0d6e738b-e5e3-4e4f-b6c6-507941c0e79e,d8d49624-3cdf-430d-9805-26aa29191387,12-92f42ce9b7de,"{""tr"": ""Kiğı""}",t,0,2026-07-09 13:27:17.006188+00,,,,f,,
d66605ec-dc49-4e7f-8914-df1759ac70f7,d8d49624-3cdf-430d-9805-26aa29191387,12-29e5ac3c22f3,"{""tr"": ""Merkez""}",t,0,2026-07-09 13:27:17.006188+00,,,,f,,
fe305f3e-ac2b-4165-8072-0aeea0443e75,d8d49624-3cdf-430d-9805-26aa29191387,12-55fc5888cb53,"{""tr"": ""Solhan""}",t,0,2026-07-09 13:27:17.006188+00,,,,f,,
5119d5c7-c2cf-4d7d-98e8-6a6bbeaa88d6,d8d49624-3cdf-430d-9805-26aa29191387,12-36749a988dd9,"{""tr"": ""Yayladere""}",t,0,2026-07-09 13:27:17.006188+00,,,,f,,
9ae0e71a-02a3-4f7b-8669-f10cd25bc39d,d8d49624-3cdf-430d-9805-26aa29191387,12-1dac7c130609,"{""tr"": ""Yedisu""}",t,0,2026-07-09 13:27:17.006188+00,,,,f,,
c633355b-d568-40c8-9efa-8fd59222cf53,4b4da06f-582e-43b8-945d-b488ac0f7b90,13-0799000857c2,"{""tr"": ""Adilcevaz""}",t,0,2026-07-09 13:27:17.006188+00,,,,f,,
72c8bb8c-2602-4368-98be-981879b09baa,4b4da06f-582e-43b8-945d-b488ac0f7b90,13-38ed18b06827,"{""tr"": ""Ahlat""}",t,0,2026-07-09 13:27:17.006188+00,,,,f,,
c53b5f82-bb6a-4e9e-a96e-05fe937c2b7c,4b4da06f-582e-43b8-945d-b488ac0f7b90,13-10a79bb91774,"{""tr"": ""Güroymak""}",t,0,2026-07-09 13:27:17.006188+00,,,,f,,
48c842d9-f2a9-44c4-b31d-b9645b5e957c,4b4da06f-582e-43b8-945d-b488ac0f7b90,13-20c500d0ac79,"{""tr"": ""Hizan""}",t,0,2026-07-09 13:27:17.006188+00,,,,f,,
4b064f18-fcff-4899-8085-7d8234db957d,4b4da06f-582e-43b8-945d-b488ac0f7b90,13-29e5ac3c22f3,"{""tr"": ""Merkez""}",t,0,2026-07-09 13:27:17.006188+00,,,,f,,
4a63e576-57d4-4389-a306-451c28248fe7,4b4da06f-582e-43b8-945d-b488ac0f7b90,13-fb3fe8a64892,"{""tr"": ""Mutki""}",t,0,2026-07-09 13:27:17.006188+00,,,,f,,
63f1d52f-b52b-4849-a8b5-cc18a28307eb,4b4da06f-582e-43b8-945d-b488ac0f7b90,13-4ba2c53aeee3,"{""tr"": ""Tatvan""}",t,0,2026-07-09 13:27:17.006188+00,,,,f,,
9e05d2f5-76ab-4101-9a03-5e21159e2d62,b0ee5218-4cd2-4662-b7d0-2e6c6b233675,14-7468c1ea47c9,"{""tr"": ""Dörtdivan""}",t,0,2026-07-09 13:27:17.006188+00,,,,f,,
02dc8665-a64f-4f72-a3f4-de1e966e2ff1,b0ee5218-4cd2-4662-b7d0-2e6c6b233675,14-ed905282b565,"{""tr"": ""Gerede""}",t,0,2026-07-09 13:27:17.006188+00,,,,f,,
13252489-8c90-4f2d-af56-8023392dba69,b0ee5218-4cd2-4662-b7d0-2e6c6b233675,14-761589b5cf8a,"{""tr"": ""Göynük""}",t,0,2026-07-09 13:27:17.006188+00,,,,f,,
286e124b-2b90-4860-beef-1882c6795b23,b0ee5218-4cd2-4662-b7d0-2e6c6b233675,14-ea9586e2bd0e,"{""tr"": ""Kıbrıscık""}",t,0,2026-07-09 13:27:17.006188+00,,,,f,,
15c0ade8-ccfc-42a4-8e5b-7a73176e1ca5,b0ee5218-4cd2-4662-b7d0-2e6c6b233675,14-4230de937555,"{""tr"": ""Mengen""}",t,0,2026-07-09 13:27:17.006188+00,,,,f,,
d0d38552-81de-40e4-a3e4-41e51af572ec,b0ee5218-4cd2-4662-b7d0-2e6c6b233675,14-29e5ac3c22f3,"{""tr"": ""Merkez""}",t,0,2026-07-09 13:27:17.006188+00,,,,f,,
4c32cca7-4145-4314-9cec-57f77e06d42f,b0ee5218-4cd2-4662-b7d0-2e6c6b233675,14-408952c9a0a8,"{""tr"": ""Mudurnu""}",t,0,2026-07-09 13:27:17.006188+00,,,,f,,
2c1005a4-9561-41e2-aa10-a277f940f073,b0ee5218-4cd2-4662-b7d0-2e6c6b233675,14-02aeb2883945,"{""tr"": ""Seben""}",t,0,2026-07-09 13:27:17.006188+00,,,,f,,
4998b692-f424-4c04-b0ca-c55f4732876d,b0ee5218-4cd2-4662-b7d0-2e6c6b233675,14-b2ab611d1dfd,"{""tr"": ""Yeniçağa""}",t,0,2026-07-09 13:27:17.006188+00,,,,f,,
e7f10375-5573-4911-8312-74a46c919278,add1e23e-e2f3-41cf-917b-d129cc18a282,15-a53011f9410d,"{""tr"": ""Ağlasun""}",t,0,2026-07-09 13:27:17.006188+00,,,,f,,
a162cca2-7aa4-4099-bd84-ddf857e4a147,add1e23e-e2f3-41cf-917b-d129cc18a282,15-d6994c04cbed,"{""tr"": ""Altınyayla""}",t,0,2026-07-09 13:27:17.006188+00,,,,f,,
18c5f70d-244f-44c5-b6ed-26cbcee1b225,add1e23e-e2f3-41cf-917b-d129cc18a282,15-048b3d943026,"{""tr"": ""Bucak""}",t,0,2026-07-09 13:27:17.006188+00,,,,f,,
bc949810-d386-492f-b1c0-05fa2167d07b,add1e23e-e2f3-41cf-917b-d129cc18a282,15-cfb55d81bf90,"{""tr"": ""Çavdır""}",t,0,2026-07-09 13:27:17.006188+00,,,,f,,
cbb4d483-0173-4819-ae35-97d84dfaa722,add1e23e-e2f3-41cf-917b-d129cc18a282,15-934009b0aa60,"{""tr"": ""Çeltikçi""}",t,0,2026-07-09 13:27:17.006188+00,,,,f,,
8f49e2e8-34e6-472b-8214-9adac7c03afd,add1e23e-e2f3-41cf-917b-d129cc18a282,15-980ec06b0bcb,"{""tr"": ""Gölhisar""}",t,0,2026-07-09 13:27:17.006188+00,,,,f,,
0d12a095-6173-4638-b24b-1553c194ad96,add1e23e-e2f3-41cf-917b-d129cc18a282,15-8e7cc330f0e5,"{""tr"": ""Karamanlı""}",t,0,2026-07-09 13:27:17.006188+00,,,,f,,
493933a1-dcf5-4805-b8ab-20bde801fd6f,add1e23e-e2f3-41cf-917b-d129cc18a282,15-605d1cb1ea70,"{""tr"": ""Kemer""}",t,0,2026-07-09 13:27:17.006188+00,,,,f,,
426e2eed-4a1e-4cb2-bcd2-0aa75f9609b5,add1e23e-e2f3-41cf-917b-d129cc18a282,15-29e5ac3c22f3,"{""tr"": ""Merkez""}",t,0,2026-07-09 13:27:17.006188+00,,,,f,,
973166a8-a70a-45a8-9df0-31e8d7a078b8,add1e23e-e2f3-41cf-917b-d129cc18a282,15-78c45b2b3a2a,"{""tr"": ""Tefenni""}",t,0,2026-07-09 13:27:17.006188+00,,,,f,,
fd329677-b0e3-4b4b-9d62-5b0f0ff59bbb,add1e23e-e2f3-41cf-917b-d129cc18a282,15-7df331250222,"{""tr"": ""Yeşilova""}",t,0,2026-07-09 13:27:17.006188+00,,,,f,,
c3519f36-0a80-48fd-80e7-02b85cb1da37,0fcc7462-a6e1-4867-9d9f-a3f73de618d3,16-86f00e15a425,"{""tr"": ""Büyükorhan""}",t,0,2026-07-09 13:27:17.006188+00,,,,f,,
a56a8d0a-b67d-4d74-95b7-45c0bc3ba4f7,0fcc7462-a6e1-4867-9d9f-a3f73de618d3,16-4befe08e6a97,"{""tr"": ""Gemlik""}",t,0,2026-07-09 13:27:17.006188+00,,,,f,,
b6b13fc1-fa82-47cf-8a10-107fe6ae43d4,0fcc7462-a6e1-4867-9d9f-a3f73de618d3,16-931ab4c136b2,"{""tr"": ""Gürsu""}",t,0,2026-07-09 13:27:17.006188+00,,,,f,,
03e43937-8a54-43f4-971c-5dae01fc3bba,0fcc7462-a6e1-4867-9d9f-a3f73de618d3,16-e00987b222e0,"{""tr"": ""Harmancık""}",t,0,2026-07-09 13:27:17.006188+00,,,,f,,
09e00ce5-c3c4-46dd-a48b-a3f9ae16edbd,0fcc7462-a6e1-4867-9d9f-a3f73de618d3,16-47585624c0a3,"{""tr"": ""İnegöl""}",t,0,2026-07-09 13:27:17.006188+00,,,,f,,
e738b231-569a-45c3-abba-8ebad0ccb0e3,0fcc7462-a6e1-4867-9d9f-a3f73de618d3,16-bb99b28cdc11,"{""tr"": ""İznik""}",t,0,2026-07-09 13:27:17.006188+00,,,,f,,
dabe23a0-9ce8-48b0-8cc6-651585d9d38e,0fcc7462-a6e1-4867-9d9f-a3f73de618d3,16-031253d22bf1,"{""tr"": ""Karacabey""}",t,0,2026-07-09 13:27:17.006188+00,,,,f,,
c7bf6d2c-958e-4fd4-a1c3-4bfd1f46f510,0fcc7462-a6e1-4867-9d9f-a3f73de618d3,16-8449d6aaa399,"{""tr"": ""Keles""}",t,0,2026-07-09 13:27:17.006188+00,,,,f,,
f37af369-b22f-43ef-82b1-f45f9a4c4307,0fcc7462-a6e1-4867-9d9f-a3f73de618d3,16-232f38898d7e,"{""tr"": ""Kestel""}",t,0,2026-07-09 13:27:17.006188+00,,,,f,,
17ec8862-472d-4f16-b2e4-db6baa6fe8ee,0fcc7462-a6e1-4867-9d9f-a3f73de618d3,16-98dc30d7de61,"{""tr"": ""Mudanya""}",t,0,2026-07-09 13:27:17.006188+00,,,,f,,
06e5cce9-1ead-431d-8ac6-81c7fb230029,0fcc7462-a6e1-4867-9d9f-a3f73de618d3,16-57d348e9fe8a,"{""tr"": ""Mustafakemalpaşa""}",t,0,2026-07-09 13:27:17.006188+00,,,,f,,
4795801a-81ac-4eac-8765-2f114c446ebe,0fcc7462-a6e1-4867-9d9f-a3f73de618d3,16-72bb94f32818,"{""tr"": ""Nilüfer""}",t,0,2026-07-09 13:27:17.006188+00,,,,f,,
28f56c87-1066-4e05-a463-9e762a97d557,0fcc7462-a6e1-4867-9d9f-a3f73de618d3,16-ff51451e2ab0,"{""tr"": ""Orhaneli""}",t,0,2026-07-09 13:27:17.006188+00,,,,f,,
808debd4-4294-41ce-b235-d5f21f809bee,0fcc7462-a6e1-4867-9d9f-a3f73de618d3,16-aa1a9bd85258,"{""tr"": ""Orhangazi""}",t,0,2026-07-09 13:27:17.006188+00,,,,f,,
e9166b9e-70ad-4c12-90ad-c0d1fb0d99bf,0fcc7462-a6e1-4867-9d9f-a3f73de618d3,16-289f5b73c17c,"{""tr"": ""Osmangazi""}",t,0,2026-07-09 13:27:17.006188+00,,,,f,,
2e3d4197-2589-43a5-99fc-3c216e7fee74,0fcc7462-a6e1-4867-9d9f-a3f73de618d3,16-305a4673945e,"{""tr"": ""Yenişehir""}",t,0,2026-07-09 13:27:17.006188+00,,,,f,,
775aa875-e4df-49e3-b791-ff8a992edf40,0fcc7462-a6e1-4867-9d9f-a3f73de618d3,16-282dd7f62884,"{""tr"": ""Yıldırım""}",t,0,2026-07-09 13:27:17.006188+00,,,,f,,
c2cca31f-788f-4714-8048-02f78568e319,0507b122-4965-4b85-aa78-08c511c77a88,17-94a549bad77b,"{""tr"": ""Ayvacık""}",t,0,2026-07-09 13:27:17.006188+00,,,,f,,
0273126b-decf-420f-8600-54dc780a3e70,0507b122-4965-4b85-aa78-08c511c77a88,17-91b380b79c2f,"{""tr"": ""Bayramiç""}",t,0,2026-07-09 13:27:17.006188+00,,,,f,,
f54522c2-a677-4aa3-a59b-384985e49fee,0507b122-4965-4b85-aa78-08c511c77a88,17-e66fdb887e72,"{""tr"": ""Biga""}",t,0,2026-07-09 13:27:17.006188+00,,,,f,,
b29e618a-a34b-42dc-82fb-67bb69e0cebb,0507b122-4965-4b85-aa78-08c511c77a88,17-e8b6256d9678,"{""tr"": ""Bozcaada""}",t,0,2026-07-09 13:27:17.006188+00,,,,f,,
e1e805a3-4826-4087-be02-b666f9043c3a,0507b122-4965-4b85-aa78-08c511c77a88,17-38e4e73da0c2,"{""tr"": ""Çan""}",t,0,2026-07-09 13:27:17.006188+00,,,,f,,
03855b37-4895-4ef4-b0d3-b1bf69734a5b,0507b122-4965-4b85-aa78-08c511c77a88,17-d654280a13a4,"{""tr"": ""Eceabat""}",t,0,2026-07-09 13:27:17.006188+00,,,,f,,
730e4ff0-93c3-4262-a2eb-3f11a9b32264,0507b122-4965-4b85-aa78-08c511c77a88,17-06e73ef3f0ce,"{""tr"": ""Ezine""}",t,0,2026-07-09 13:27:17.006188+00,,,,f,,
c5432cf2-a5a9-41fb-914b-c7a665549228,0507b122-4965-4b85-aa78-08c511c77a88,17-21d41aa7727b,"{""tr"": ""Gelibolu""}",t,0,2026-07-09 13:27:17.006188+00,,,,f,,
0163bedb-d26c-4939-8602-4af8309d2e87,0507b122-4965-4b85-aa78-08c511c77a88,17-8d638fbaae13,"{""tr"": ""Gökçeada""}",t,0,2026-07-09 13:27:17.006188+00,,,,f,,
5713e1e3-42e2-45d7-8ed0-88640d87db5a,0507b122-4965-4b85-aa78-08c511c77a88,17-26031e37b381,"{""tr"": ""Lapseki""}",t,0,2026-07-09 13:27:17.006188+00,,,,f,,
a7161996-7188-47b5-a231-1dadfd8f3988,0507b122-4965-4b85-aa78-08c511c77a88,17-29e5ac3c22f3,"{""tr"": ""Merkez""}",t,0,2026-07-09 13:27:17.006188+00,,,,f,,
ec0c6dee-c8e5-4b9a-88c5-2fa48637541d,0507b122-4965-4b85-aa78-08c511c77a88,17-0408aa3bdcc3,"{""tr"": ""Yenice""}",t,0,2026-07-09 13:27:17.006188+00,,,,f,,
a9c39a20-8269-40a3-81ed-111d22d491d5,d1d7f1b4-b7c9-4c24-a609-37bb85d4c55d,18-be84847d7c44,"{""tr"": ""Atkaracalar""}",t,0,2026-07-09 13:27:17.006188+00,,,,f,,
388cb571-096c-407f-8c18-f529a03d93c8,d1d7f1b4-b7c9-4c24-a609-37bb85d4c55d,18-d3f8788f1756,"{""tr"": ""Bayramören""}",t,0,2026-07-09 13:27:17.006188+00,,,,f,,
5bd11bca-399f-4ed5-99fe-b49b642752b7,d1d7f1b4-b7c9-4c24-a609-37bb85d4c55d,18-e783c7af6f0b,"{""tr"": ""Çerkeş""}",t,0,2026-07-09 13:27:17.006188+00,,,,f,,
db1176dd-e3eb-47f6-82f6-6052ed1ca907,d1d7f1b4-b7c9-4c24-a609-37bb85d4c55d,18-1b4ea938bab3,"{""tr"": ""Eldivan""}",t,0,2026-07-09 13:27:17.006188+00,,,,f,,
c9f87f12-d6d9-4adb-84fa-3549d2f24d43,d1d7f1b4-b7c9-4c24-a609-37bb85d4c55d,18-efe7619977fc,"{""tr"": ""Ilgaz""}",t,0,2026-07-09 13:27:17.006188+00,,,,f,,
54c2c8fc-5929-43fd-9ca9-71254c69a4df,d1d7f1b4-b7c9-4c24-a609-37bb85d4c55d,18-9e52cc017e90,"{""tr"": ""Kızılırmak""}",t,0,2026-07-09 13:27:17.006188+00,,,,f,,
466b8d7b-126c-41d7-babb-ef5055952952,d1d7f1b4-b7c9-4c24-a609-37bb85d4c55d,18-4c97ad96d34a,"{""tr"": ""Korgun""}",t,0,2026-07-09 13:27:17.006188+00,,,,f,,
3072a3cb-7f62-4fc8-ae74-3ec1b5489695,d1d7f1b4-b7c9-4c24-a609-37bb85d4c55d,18-ff63edde4167,"{""tr"": ""Kurşunlu""}",t,0,2026-07-09 13:27:17.006188+00,,,,f,,
6d41efb8-10bb-427b-a380-0890aa0e0493,d1d7f1b4-b7c9-4c24-a609-37bb85d4c55d,18-29e5ac3c22f3,"{""tr"": ""Merkez""}",t,0,2026-07-09 13:27:17.006188+00,,,,f,,
bab3fd1d-57ed-4273-a233-b0ac1dd9090a,d1d7f1b4-b7c9-4c24-a609-37bb85d4c55d,18-0de92b97c472,"{""tr"": ""Orta""}",t,0,2026-07-09 13:27:17.006188+00,,,,f,,
61c1397f-6f19-4972-bcc8-d0a6bad4a6a2,d1d7f1b4-b7c9-4c24-a609-37bb85d4c55d,18-e28052768947,"{""tr"": ""Şabanözü""}",t,0,2026-07-09 13:27:17.006188+00,,,,f,,
c9710072-2e04-46de-8d5d-b9952ceb4aa9,d1d7f1b4-b7c9-4c24-a609-37bb85d4c55d,18-7347f2c8c18b,"{""tr"": ""Yapraklı""}",t,0,2026-07-09 13:27:17.006188+00,,,,f,,
d471bc00-9b90-44c2-a699-dde53072ce50,46e2c2b8-7f19-4310-870a-546ce0c9c0b4,19-7b3ee682d515,"{""tr"": ""Alaca""}",t,0,2026-07-09 13:27:17.006188+00,,,,f,,
a9870b7b-01e0-4424-9df7-bd6022843068,46e2c2b8-7f19-4310-870a-546ce0c9c0b4,19-09201c47ec4e,"{""tr"": ""Bayat""}",t,0,2026-07-09 13:27:17.006188+00,,,,f,,
a51cb470-ad11-40b5-8961-e567964a23d2,46e2c2b8-7f19-4310-870a-546ce0c9c0b4,19-a364b8454fb1,"{""tr"": ""Boğazkale""}",t,0,2026-07-09 13:27:17.006188+00,,,,f,,
2daa1f06-4a08-4681-9753-782db81562f9,46e2c2b8-7f19-4310-870a-546ce0c9c0b4,19-036de128572c,"{""tr"": ""Dodurga""}",t,0,2026-07-09 13:27:17.006188+00,,,,f,,
02835b73-1668-4a8c-bfe3-fe702fd3e2a1,46e2c2b8-7f19-4310-870a-546ce0c9c0b4,19-65050e82aed5,"{""tr"": ""İskilip""}",t,0,2026-07-09 13:27:17.006188+00,,,,f,,
301eb7a5-da5f-4ee7-b247-da889261da6c,46e2c2b8-7f19-4310-870a-546ce0c9c0b4,19-824d42d08013,"{""tr"": ""Kargı""}",t,0,2026-07-09 13:27:17.006188+00,,,,f,,
c6df7624-e815-470c-858f-1d8a57f0c323,46e2c2b8-7f19-4310-870a-546ce0c9c0b4,19-a992b55ebb8e,"{""tr"": ""Laçin""}",t,0,2026-07-09 13:27:17.006188+00,,,,f,,
230bcd87-3e66-40d0-9545-d4773eaa578a,46e2c2b8-7f19-4310-870a-546ce0c9c0b4,19-bd718bb39ddd,"{""tr"": ""Mecitözü""}",t,0,2026-07-09 13:27:17.006188+00,,,,f,,
3353b6df-3442-4698-a415-eb7302bd2567,46e2c2b8-7f19-4310-870a-546ce0c9c0b4,19-29e5ac3c22f3,"{""tr"": ""Merkez""}",t,0,2026-07-09 13:27:17.006188+00,,,,f,,
c2754cff-f825-476a-a20e-326e783a0eef,46e2c2b8-7f19-4310-870a-546ce0c9c0b4,19-faefe87858dc,"{""tr"": ""Oğuzlar""}",t,0,2026-07-09 13:27:17.006188+00,,,,f,,
9388e726-e166-498c-ba18-212d94ea0bf1,46e2c2b8-7f19-4310-870a-546ce0c9c0b4,19-83826981b239,"{""tr"": ""Ortaköy""}",t,0,2026-07-09 13:27:17.006188+00,,,,f,,
f23ca1bf-df88-4bc6-ab50-95d6078258dc,46e2c2b8-7f19-4310-870a-546ce0c9c0b4,19-bb8ca123a678,"{""tr"": ""Osmancık""}",t,0,2026-07-09 13:27:17.006188+00,,,,f,,
ba2e419c-9c91-46d3-a58c-5653d72a2bd0,46e2c2b8-7f19-4310-870a-546ce0c9c0b4,19-3baa073c2729,"{""tr"": ""Sungurlu""}",t,0,2026-07-09 13:27:17.006188+00,,,,f,,
5c06315b-3ffa-4566-a9a9-d0783e23fcd5,46e2c2b8-7f19-4310-870a-546ce0c9c0b4,19-6d433ac2c3a7,"{""tr"": ""Uğurludağ""}",t,0,2026-07-09 13:27:17.006188+00,,,,f,,
fc2ec467-0e64-4e96-95d9-b6a33dbefb0d,393f10de-7ae6-44fb-99a4-09bcb03dad2d,20-4a271ce3fadb,"{""tr"": ""Acıpayam""}",t,0,2026-07-09 13:27:17.006188+00,,,,f,,
1ceb6698-6be5-45b2-b5dc-734f800543cb,393f10de-7ae6-44fb-99a4-09bcb03dad2d,20-40e054e0aacc,"{""tr"": ""Babadağ""}",t,0,2026-07-09 13:27:17.006188+00,,,,f,,
b303d6cb-76fb-4172-8b41-1bfbb6d1ce53,393f10de-7ae6-44fb-99a4-09bcb03dad2d,20-9f5fd5436856,"{""tr"": ""Baklan""}",t,0,2026-07-09 13:27:17.006188+00,,,,f,,
a37c192d-3a71-4ee1-9647-5245e521df92,393f10de-7ae6-44fb-99a4-09bcb03dad2d,20-5356c3beb117,"{""tr"": ""Bekilli""}",t,0,2026-07-09 13:27:17.006188+00,,,,f,,
cbebaa75-af1e-4704-8360-bb2247fce181,393f10de-7ae6-44fb-99a4-09bcb03dad2d,20-21de3a65eeaa,"{""tr"": ""Beyağaç""}",t,0,2026-07-09 13:27:17.006188+00,,,,f,,
c0ce6220-110a-47aa-a84f-380a43785895,393f10de-7ae6-44fb-99a4-09bcb03dad2d,20-84d821ce9752,"{""tr"": ""Bozkurt""}",t,0,2026-07-09 13:27:17.006188+00,,,,f,,
aae88aec-eca8-4999-a9f3-296c905c36c5,393f10de-7ae6-44fb-99a4-09bcb03dad2d,20-8b9d4aa962ff,"{""tr"": ""Buldan""}",t,0,2026-07-09 13:27:17.006188+00,,,,f,,
9c899c66-6f02-4901-8689-ec01fd1b0e23,393f10de-7ae6-44fb-99a4-09bcb03dad2d,20-261db2b3344c,"{""tr"": ""Çal""}",t,0,2026-07-09 13:27:17.006188+00,,,,f,,
7f0f4d85-9aab-4258-97a5-5aceaf226e0f,393f10de-7ae6-44fb-99a4-09bcb03dad2d,20-adb63de9ceb6,"{""tr"": ""Çameli""}",t,0,2026-07-09 13:27:17.006188+00,,,,f,,
e10ee8e8-e0f9-4f50-8048-51ae678fff82,393f10de-7ae6-44fb-99a4-09bcb03dad2d,20-5b13a1cd3129,"{""tr"": ""Çardak""}",t,0,2026-07-09 13:27:17.006188+00,,,,f,,
97ffb39d-b6a1-4eec-8f64-2716a1d978d3,393f10de-7ae6-44fb-99a4-09bcb03dad2d,20-f7292da82d79,"{""tr"": ""Çivril""}",t,0,2026-07-09 13:27:17.006188+00,,,,f,,
2cfcbfee-d9c6-4cfe-ac68-40cfc9777712,393f10de-7ae6-44fb-99a4-09bcb03dad2d,20-ce745b78b8d3,"{""tr"": ""Güney""}",t,0,2026-07-09 13:27:17.006188+00,,,,f,,
0f596f10-3b70-41de-bf43-38d8716e6f66,393f10de-7ae6-44fb-99a4-09bcb03dad2d,20-62a72159a769,"{""tr"": ""Honaz""}",t,0,2026-07-09 13:27:17.006188+00,,,,f,,
38f43dd8-ad05-4edb-93a9-86c3ff94f5c8,393f10de-7ae6-44fb-99a4-09bcb03dad2d,20-dfc554a8e769,"{""tr"": ""Kale""}",t,0,2026-07-09 13:27:17.006188+00,,,,f,,
2cbd47b5-2c1b-4d12-9f16-d776b10b373d,393f10de-7ae6-44fb-99a4-09bcb03dad2d,20-bd9e1ddb33b8,"{""tr"": ""Merkezefendi""}",t,0,2026-07-09 13:27:17.006188+00,,,,f,,
d9a0c046-9ef5-4a8a-a5e4-e8447094dc03,393f10de-7ae6-44fb-99a4-09bcb03dad2d,20-a62efc87e525,"{""tr"": ""Pamukkale""}",t,0,2026-07-09 13:27:17.006188+00,,,,f,,
b89363e4-e2ce-4ec0-811d-c052f348444a,393f10de-7ae6-44fb-99a4-09bcb03dad2d,20-1954ce2d5530,"{""tr"": ""Sarayköy""}",t,0,2026-07-09 13:27:17.006188+00,,,,f,,
549c5130-aca7-40cf-9d99-05ca6a4569ef,393f10de-7ae6-44fb-99a4-09bcb03dad2d,20-599a25364759,"{""tr"": ""Serinhisar""}",t,0,2026-07-09 13:27:17.006188+00,,,,f,,
797c1a45-549d-4077-b9cb-642286eaea81,393f10de-7ae6-44fb-99a4-09bcb03dad2d,20-0271b69d8fb1,"{""tr"": ""Tavas""}",t,0,2026-07-09 13:27:17.006188+00,,,,f,,
67be53e1-3618-4a07-b925-f194fc4a03a2,e6f41150-f0a4-4b8c-8641-030c006bee74,21-e4146bddca21,"{""tr"": ""Bağlar""}",t,0,2026-07-09 13:27:17.006188+00,,,,f,,
d31c75e9-f398-4902-9fb5-3e6102874aba,e6f41150-f0a4-4b8c-8641-030c006bee74,21-8198de56835e,"{""tr"": ""Bismil""}",t,0,2026-07-09 13:27:17.006188+00,,,,f,,
881ed0b5-5868-4d5b-a22d-8074a3b43004,e6f41150-f0a4-4b8c-8641-030c006bee74,21-4724b9144237,"{""tr"": ""Çermik""}",t,0,2026-07-09 13:27:17.006188+00,,,,f,,
7bb72a76-e781-432d-9449-b73492ab6f73,e6f41150-f0a4-4b8c-8641-030c006bee74,21-be9267654f59,"{""tr"": ""Çınar""}",t,0,2026-07-09 13:27:17.006188+00,,,,f,,
92196979-39a2-4e14-819f-091aae1aa6d9,e6f41150-f0a4-4b8c-8641-030c006bee74,21-53e392b3908a,"{""tr"": ""Çüngüş""}",t,0,2026-07-09 13:27:17.006188+00,,,,f,,
e3f41e0a-a79a-4092-aa21-0185c3259fa3,e6f41150-f0a4-4b8c-8641-030c006bee74,21-29a0336a40d3,"{""tr"": ""Dicle""}",t,0,2026-07-09 13:27:17.006188+00,,,,f,,
3bfda243-da63-4bbd-bbc8-2a1fb993f5d1,e6f41150-f0a4-4b8c-8641-030c006bee74,21-f3cf9ecc41a9,"{""tr"": ""Eğil""}",t,0,2026-07-09 13:27:17.006188+00,,,,f,,
93cad734-b2e1-4099-8ea8-dc9d732a8d90,e6f41150-f0a4-4b8c-8641-030c006bee74,21-fe389bbae831,"{""tr"": ""Ergani""}",t,0,2026-07-09 13:27:17.006188+00,,,,f,,
d4667eb1-53b6-4e3a-bd02-3aa95bc92eef,e6f41150-f0a4-4b8c-8641-030c006bee74,21-a0cffb0dfffd,"{""tr"": ""Hani""}",t,0,2026-07-09 13:27:17.006188+00,,,,f,,
b2acc4cf-0b85-4410-9c33-dffc2acccbae,e6f41150-f0a4-4b8c-8641-030c006bee74,21-23caa4bc38de,"{""tr"": ""Hazro""}",t,0,2026-07-09 13:27:17.006188+00,,,,f,,
dfd1f3c2-4899-426b-9065-0dfb5b3ac92b,e6f41150-f0a4-4b8c-8641-030c006bee74,21-e052fde6f005,"{""tr"": ""Kayapınar""}",t,0,2026-07-09 13:27:17.006188+00,,,,f,,
09332237-2b5e-4b71-b97e-6c7ca50e2dfd,e6f41150-f0a4-4b8c-8641-030c006bee74,21-fc48e27c46c0,"{""tr"": ""Kocaköy""}",t,0,2026-07-09 13:27:17.006188+00,,,,f,,
5ee43312-7ec6-4cf4-942f-92dcf5cc4310,e6f41150-f0a4-4b8c-8641-030c006bee74,21-30450eb00c4a,"{""tr"": ""Kulp""}",t,0,2026-07-09 13:27:17.006188+00,,,,f,,
1cc00df8-715a-47fa-819c-8e980a307f30,e6f41150-f0a4-4b8c-8641-030c006bee74,21-28335db6adaa,"{""tr"": ""Lice""}",t,0,2026-07-09 13:27:17.006188+00,,,,f,,
bed5a165-6f48-4e0b-9e0b-4a79da96e627,e6f41150-f0a4-4b8c-8641-030c006bee74,21-c4ac51c9177f,"{""tr"": ""Silvan""}",t,0,2026-07-09 13:27:17.006188+00,,,,f,,
4bb672f6-0252-400b-946b-371734d99986,e6f41150-f0a4-4b8c-8641-030c006bee74,21-d5b78d68d5d0,"{""tr"": ""Sur""}",t,0,2026-07-09 13:27:17.006188+00,,,,f,,
36803412-b0e9-4567-b13f-7b229b324d31,e6f41150-f0a4-4b8c-8641-030c006bee74,21-305a4673945e,"{""tr"": ""Yenişehir""}",t,0,2026-07-09 13:27:17.006188+00,,,,f,,
2a3ce8ee-b14c-4dd3-ad25-f35ac5be78ae,fa605728-f1c5-4356-bda5-b7778fb15810,81-a986dc6d6cdf,"{""tr"": ""Akçakoca""}",t,0,2026-07-09 13:27:17.006188+00,,,,f,,
7e239130-f7f6-49d5-b04e-9fd9a1030b32,fa605728-f1c5-4356-bda5-b7778fb15810,81-419a74359f52,"{""tr"": ""Cumayeri""}",t,0,2026-07-09 13:27:17.006188+00,,,,f,,
fb322ad4-c3ab-4281-ad9c-1ce26bbfb2f5,fa605728-f1c5-4356-bda5-b7778fb15810,81-b43d4e62d97b,"{""tr"": ""Çilimli""}",t,0,2026-07-09 13:27:17.006188+00,,,,f,,
b53f4a4c-9091-4853-bb42-47bb34ce6443,fa605728-f1c5-4356-bda5-b7778fb15810,81-f93249e75ef1,"{""tr"": ""Gölyaka""}",t,0,2026-07-09 13:27:17.006188+00,,,,f,,
1a5f31fb-4f1d-44da-9605-b7c3ac4c393a,fa605728-f1c5-4356-bda5-b7778fb15810,81-a86185504d48,"{""tr"": ""Gümüşova""}",t,0,2026-07-09 13:27:17.006188+00,,,,f,,
145018f6-c220-4331-80c6-f817e59724e1,fa605728-f1c5-4356-bda5-b7778fb15810,81-f1dff62f6d6b,"{""tr"": ""Kaynaşlı""}",t,0,2026-07-09 13:27:17.006188+00,,,,f,,
f5b5962f-f040-4b9a-9e6e-9c7d4ed04c43,fa605728-f1c5-4356-bda5-b7778fb15810,81-29e5ac3c22f3,"{""tr"": ""Merkez""}",t,0,2026-07-09 13:27:17.006188+00,,,,f,,
08d004c0-02ed-403d-8be9-21cd2a4ade19,fa605728-f1c5-4356-bda5-b7778fb15810,81-081b649b3bb1,"{""tr"": ""Yığılca""}",t,0,2026-07-09 13:27:17.006188+00,,,,f,,
96087256-6a8d-4d7b-ade3-99ca56b11b95,09685d3c-67bf-4005-b4fa-e1d49c169576,22-ea651fbaed4b,"{""tr"": ""Enez""}",t,0,2026-07-09 13:27:17.006188+00,,,,f,,
8b4199ff-21ba-4199-922d-1f9c46b3c87d,09685d3c-67bf-4005-b4fa-e1d49c169576,22-944bcfcc85c4,"{""tr"": ""Havsa""}",t,0,2026-07-09 13:27:17.006188+00,,,,f,,
b117402f-4e5a-415c-9358-81c1bf04c161,09685d3c-67bf-4005-b4fa-e1d49c169576,22-22faa5420773,"{""tr"": ""İpsala""}",t,0,2026-07-09 13:27:17.006188+00,,,,f,,
8c5a95df-a107-430a-b3f4-f9eb4ff8de3e,09685d3c-67bf-4005-b4fa-e1d49c169576,22-d9823da7a917,"{""tr"": ""Keşan""}",t,0,2026-07-09 13:27:17.006188+00,,,,f,,
c419f548-d060-4a8f-a811-78247b103cf1,09685d3c-67bf-4005-b4fa-e1d49c169576,22-d1e7a2639083,"{""tr"": ""Lalapaşa""}",t,0,2026-07-09 13:27:17.006188+00,,,,f,,
b153f197-5c2d-48b8-92fa-4ad9cb6e0a63,09685d3c-67bf-4005-b4fa-e1d49c169576,22-8cb5fb3b7d2e,"{""tr"": ""Meriç""}",t,0,2026-07-09 13:27:17.006188+00,,,,f,,
65a927b8-ab69-4842-9696-e2af134a452c,09685d3c-67bf-4005-b4fa-e1d49c169576,22-29e5ac3c22f3,"{""tr"": ""Merkez""}",t,0,2026-07-09 13:27:17.006188+00,,,,f,,
254fd256-d732-4d0b-a555-967d25ea02b7,09685d3c-67bf-4005-b4fa-e1d49c169576,22-fac585a52332,"{""tr"": ""Süloğlu""}",t,0,2026-07-09 13:27:17.006188+00,,,,f,,
ce95d07c-a2f6-4462-9224-eb36b99313c6,09685d3c-67bf-4005-b4fa-e1d49c169576,22-621cbe6b3980,"{""tr"": ""Uzunköprü""}",t,0,2026-07-09 13:27:17.006188+00,,,,f,,
1a64b6ae-09cb-43c7-88a8-88b866a54644,0505a606-d0f9-4173-b1e2-8ea2a46f90cb,23-203909e0c8b2,"{""tr"": ""Ağın""}",t,0,2026-07-09 13:27:17.006188+00,,,,f,,
4855ddc9-603e-430f-8c8f-2289990672e6,0505a606-d0f9-4173-b1e2-8ea2a46f90cb,23-ae1cd6425313,"{""tr"": ""Alacakaya""}",t,0,2026-07-09 13:27:17.006188+00,,,,f,,
96213bf0-4ba1-4017-a7cc-c5fe50ecc4f8,0505a606-d0f9-4173-b1e2-8ea2a46f90cb,23-9729da02edd7,"{""tr"": ""Arıcak""}",t,0,2026-07-09 13:27:17.006188+00,,,,f,,
7608dd8a-c979-4c4e-8fce-532d6cce2f43,0505a606-d0f9-4173-b1e2-8ea2a46f90cb,23-21d3dd20a7af,"{""tr"": ""Baskil""}",t,0,2026-07-09 13:27:17.006188+00,,,,f,,
6475a6dd-022a-44b2-af6c-9d0e93fd2758,0505a606-d0f9-4173-b1e2-8ea2a46f90cb,23-8bd5e8ef8f91,"{""tr"": ""Karakoçan""}",t,0,2026-07-09 13:27:17.006188+00,,,,f,,
44045151-2484-4c64-95b6-f43b4055fed0,0505a606-d0f9-4173-b1e2-8ea2a46f90cb,23-fd07584b2ed8,"{""tr"": ""Keban""}",t,0,2026-07-09 13:27:17.006188+00,,,,f,,
a743664c-73c6-4d4c-afab-cdd049f49c69,0505a606-d0f9-4173-b1e2-8ea2a46f90cb,23-b8007f04ef5c,"{""tr"": ""Kovancılar""}",t,0,2026-07-09 13:27:17.006188+00,,,,f,,
81c3d0d1-53c0-4b33-8cf1-ba1c8aa9e29d,0505a606-d0f9-4173-b1e2-8ea2a46f90cb,23-2a24a3aba71c,"{""tr"": ""Maden""}",t,0,2026-07-09 13:27:17.006188+00,,,,f,,
6817822d-0697-43d2-9a70-4e8d64dd0c26,0505a606-d0f9-4173-b1e2-8ea2a46f90cb,23-29e5ac3c22f3,"{""tr"": ""Merkez""}",t,0,2026-07-09 13:27:17.006188+00,,,,f,,
458ed9c9-a10a-4cdf-b2c1-3e1841fc23d5,0505a606-d0f9-4173-b1e2-8ea2a46f90cb,23-68f189eac7f9,"{""tr"": ""Palu""}",t,0,2026-07-09 13:27:17.006188+00,,,,f,,
ba1acf20-7528-4ed5-a758-4453efb641ea,0505a606-d0f9-4173-b1e2-8ea2a46f90cb,23-131ff2375c0e,"{""tr"": ""Sivrice""}",t,0,2026-07-09 13:27:17.006188+00,,,,f,,
0723051a-797f-46f3-a6f5-b11acaf24562,fdb92f15-3bcd-4460-a656-9e78eff8b718,24-4736456b01c8,"{""tr"": ""Çayırlı""}",t,0,2026-07-09 13:27:17.006188+00,,,,f,,
33ad61bf-7df3-4293-80d7-92082ff27ad3,fdb92f15-3bcd-4460-a656-9e78eff8b718,24-a0878aeaac6f,"{""tr"": ""İliç""}",t,0,2026-07-09 13:27:17.006188+00,,,,f,,
fed450a7-3be5-4d50-9533-6e67dfd95b95,fdb92f15-3bcd-4460-a656-9e78eff8b718,24-7d7a37c557ff,"{""tr"": ""Kemah""}",t,0,2026-07-09 13:27:17.006188+00,,,,f,,
d7708d14-c08d-490b-9e17-b2e727da5636,fdb92f15-3bcd-4460-a656-9e78eff8b718,24-416620bc9e84,"{""tr"": ""Kemaliye""}",t,0,2026-07-09 13:27:17.006188+00,,,,f,,
c2322c31-37f1-45ec-b154-15dee586f052,fdb92f15-3bcd-4460-a656-9e78eff8b718,24-29e5ac3c22f3,"{""tr"": ""Merkez""}",t,0,2026-07-09 13:27:17.006188+00,,,,f,,
7b9b9ba8-e80f-4d59-a0e7-029f16898b66,fdb92f15-3bcd-4460-a656-9e78eff8b718,24-69c3b9de941f,"{""tr"": ""Otlukbeli""}",t,0,2026-07-09 13:27:17.006188+00,,,,f,,
b5c19eee-5064-4a2e-acca-396c684ce47e,fdb92f15-3bcd-4460-a656-9e78eff8b718,24-d0585a4bd17a,"{""tr"": ""Refahiye""}",t,0,2026-07-09 13:27:17.006188+00,,,,f,,
8bd176f7-212f-49c8-9d47-e9bb1d497b42,fdb92f15-3bcd-4460-a656-9e78eff8b718,24-8ada13ddd20b,"{""tr"": ""Tercan""}",t,0,2026-07-09 13:27:17.006188+00,,,,f,,
acceaf74-cded-4422-b015-4625bfd2aef1,fdb92f15-3bcd-4460-a656-9e78eff8b718,24-a9d03c9c3d0f,"{""tr"": ""Üzümlü""}",t,0,2026-07-09 13:27:17.006188+00,,,,f,,
df25b5df-f5e4-4297-b6e6-2648727a45e6,20e6e96c-51d8-4f4d-a6af-c50f365e0339,25-32173a7d0477,"{""tr"": ""Aşkale""}",t,0,2026-07-09 13:27:17.006188+00,,,,f,,
245eef93-0c6b-4fe5-a974-bd2d97f02302,20e6e96c-51d8-4f4d-a6af-c50f365e0339,25-7f11348254e7,"{""tr"": ""Aziziye""}",t,0,2026-07-09 13:27:17.006188+00,,,,f,,
cc459bc3-4b28-40c2-9d3b-62ff9f7462f8,20e6e96c-51d8-4f4d-a6af-c50f365e0339,25-f1366411ec64,"{""tr"": ""Çat""}",t,0,2026-07-09 13:27:17.006188+00,,,,f,,
5cac413b-cee3-42cf-bd29-e4b4e2055e0e,20e6e96c-51d8-4f4d-a6af-c50f365e0339,25-5a201ba3f91d,"{""tr"": ""Hınıs""}",t,0,2026-07-09 13:27:17.006188+00,,,,f,,
8ddfa56d-561a-49e8-84d8-2b3ffa99c8d5,20e6e96c-51d8-4f4d-a6af-c50f365e0339,25-08b48b297f55,"{""tr"": ""Horasan""}",t,0,2026-07-09 13:27:17.006188+00,,,,f,,
ad1c9709-69ea-41ab-9837-950b60daa78c,20e6e96c-51d8-4f4d-a6af-c50f365e0339,25-c90b532f113c,"{""tr"": ""İspir""}",t,0,2026-07-09 13:27:17.006188+00,,,,f,,
80c49eef-73f2-4425-9879-21baa9669bc6,20e6e96c-51d8-4f4d-a6af-c50f365e0339,25-e5dcfe3138f1,"{""tr"": ""Karaçoban""}",t,0,2026-07-09 13:27:17.006188+00,,,,f,,
6391e399-88f7-4f22-ba36-d65c1eb034bb,20e6e96c-51d8-4f4d-a6af-c50f365e0339,25-7dda4368c3d4,"{""tr"": ""Karayazı""}",t,0,2026-07-09 13:27:17.006188+00,,,,f,,
2422bcaf-1df0-44bf-b5d3-ef816815d42f,20e6e96c-51d8-4f4d-a6af-c50f365e0339,25-14401033162e,"{""tr"": ""Köprüköy""}",t,0,2026-07-09 13:27:17.006188+00,,,,f,,
bc2d03a9-b07a-4365-a0d9-a8d2e6b93bd0,20e6e96c-51d8-4f4d-a6af-c50f365e0339,25-b6554d1cb511,"{""tr"": ""Narman""}",t,0,2026-07-09 13:27:17.006188+00,,,,f,,
ec991247-3923-4966-8153-a472b2c72b9c,20e6e96c-51d8-4f4d-a6af-c50f365e0339,25-6f4f938309be,"{""tr"": ""Oltu""}",t,0,2026-07-09 13:27:17.006188+00,,,,f,,
654f6471-d86b-4f09-be43-a1bd1ffbe5ef,20e6e96c-51d8-4f4d-a6af-c50f365e0339,25-779b33e8fdbd,"{""tr"": ""Olur""}",t,0,2026-07-09 13:27:17.006188+00,,,,f,,
8b13e871-c2aa-4a5d-8204-64013ce6c79c,20e6e96c-51d8-4f4d-a6af-c50f365e0339,25-434ccffbdc69,"{""tr"": ""Palandöken""}",t,0,2026-07-09 13:27:17.006188+00,,,,f,,
b1767ee1-88df-42d8-8ef1-88b2a6352843,20e6e96c-51d8-4f4d-a6af-c50f365e0339,25-a0360e8c5aa2,"{""tr"": ""Pasinler""}",t,0,2026-07-09 13:27:17.006188+00,,,,f,,
168fcc8b-0604-467f-866a-921aadc0e74f,20e6e96c-51d8-4f4d-a6af-c50f365e0339,25-b8426a455546,"{""tr"": ""Pazaryolu""}",t,0,2026-07-09 13:27:17.006188+00,,,,f,,
9ff4ed73-3ad5-4c1c-a615-bb6a1ef3e312,20e6e96c-51d8-4f4d-a6af-c50f365e0339,25-7c4601a28ec0,"{""tr"": ""Şenkaya""}",t,0,2026-07-09 13:27:17.006188+00,,,,f,,
64295338-5495-493a-8b81-01083e284515,20e6e96c-51d8-4f4d-a6af-c50f365e0339,25-a60301daa64d,"{""tr"": ""Tekman""}",t,0,2026-07-09 13:27:17.006188+00,,,,f,,
8ea7ec71-ad78-4ec9-a55e-bf548337445f,20e6e96c-51d8-4f4d-a6af-c50f365e0339,25-a484f87f6da1,"{""tr"": ""Tortum""}",t,0,2026-07-09 13:27:17.006188+00,,,,f,,
ac9f7498-6ab5-4400-9f54-ec08c0fe0d61,20e6e96c-51d8-4f4d-a6af-c50f365e0339,25-a23904c5deff,"{""tr"": ""Uzundere""}",t,0,2026-07-09 13:27:17.006188+00,,,,f,,
65e8dff7-cd1a-49dc-80d1-e259db2c419c,20e6e96c-51d8-4f4d-a6af-c50f365e0339,25-7bfc4cb85b94,"{""tr"": ""Yakutiye""}",t,0,2026-07-09 13:27:17.006188+00,,,,f,,
7de53314-4b78-44df-aa55-678156b514f6,7ed72a78-7c87-44bf-adc5-e8833025c1c1,26-962a0874ce44,"{""tr"": ""Alpu""}",t,0,2026-07-09 13:27:17.006188+00,,,,f,,
57ec2fcc-3077-41bd-8fb3-3946e57d323f,7ed72a78-7c87-44bf-adc5-e8833025c1c1,26-3adb1f9b5b13,"{""tr"": ""Beylikova""}",t,0,2026-07-09 13:27:17.006188+00,,,,f,,
dd69fa3d-2996-4c21-badc-7d9c330a7682,7ed72a78-7c87-44bf-adc5-e8833025c1c1,26-9f51af30cde0,"{""tr"": ""Çifteler""}",t,0,2026-07-09 13:27:17.006188+00,,,,f,,
61a2c4aa-dce9-498f-925f-7109cd5d2044,7ed72a78-7c87-44bf-adc5-e8833025c1c1,26-7979f2615ee3,"{""tr"": ""Günyüzü""}",t,0,2026-07-09 13:27:17.006188+00,,,,f,,
5ff1a1e2-94e4-475b-938b-164c944ba1a5,7ed72a78-7c87-44bf-adc5-e8833025c1c1,26-d2ee71f1c438,"{""tr"": ""Han""}",t,0,2026-07-09 13:27:17.006188+00,,,,f,,
a25c3406-2b70-4059-b299-9e4185b27e9b,7ed72a78-7c87-44bf-adc5-e8833025c1c1,26-b666a778167c,"{""tr"": ""İnönü""}",t,0,2026-07-09 13:27:17.006188+00,,,,f,,
9e97e185-4151-478f-bb66-ac14dc808d97,7ed72a78-7c87-44bf-adc5-e8833025c1c1,26-378d76725943,"{""tr"": ""Mahmudiye""}",t,0,2026-07-09 13:27:17.006188+00,,,,f,,
afac6d5c-a12d-4d06-9b06-20c0d7370611,7ed72a78-7c87-44bf-adc5-e8833025c1c1,26-1727c535e142,"{""tr"": ""Mihalgazi""}",t,0,2026-07-09 13:27:17.006188+00,,,,f,,
42bcf2db-62e1-472c-8a19-e9521f186f6b,7ed72a78-7c87-44bf-adc5-e8833025c1c1,26-118b9589b676,"{""tr"": ""Mihalıççık""}",t,0,2026-07-09 13:27:17.006188+00,,,,f,,
d77d8ab7-5b3c-467f-8b45-ad3f0675f877,7ed72a78-7c87-44bf-adc5-e8833025c1c1,26-e60e576ef025,"{""tr"": ""Odunpazarı""}",t,0,2026-07-09 13:27:17.006188+00,,,,f,,
343c216f-c691-48e1-8ef8-db47645c82ec,7ed72a78-7c87-44bf-adc5-e8833025c1c1,26-c3845db611dd,"{""tr"": ""Sarıcakaya""}",t,0,2026-07-09 13:27:17.006188+00,,,,f,,
01c7e88a-ca19-4f6d-a84f-5563d6e8c136,7ed72a78-7c87-44bf-adc5-e8833025c1c1,26-aa36ae6b03eb,"{""tr"": ""Seyitgazi""}",t,0,2026-07-09 13:27:17.006188+00,,,,f,,
e61b3d9c-5d29-4789-87ec-835ee0850da8,7ed72a78-7c87-44bf-adc5-e8833025c1c1,26-1ac7624f4608,"{""tr"": ""Sivrihisar""}",t,0,2026-07-09 13:27:17.006188+00,,,,f,,
369197bd-3d08-4707-baa4-c1da7cc3f113,7ed72a78-7c87-44bf-adc5-e8833025c1c1,26-40c376306d8f,"{""tr"": ""Tepebaşı""}",t,0,2026-07-09 13:27:17.006188+00,,,,f,,
66851fb4-1464-4916-974b-0d60d1f08cc7,1eaace54-1569-4083-a7ae-5e9fd1bc0ac2,27-2b133ff161a5,"{""tr"": ""Araban""}",t,0,2026-07-09 13:27:17.006188+00,,,,f,,
22f1b9b0-f481-4fba-84d7-2bac07516d9c,1eaace54-1569-4083-a7ae-5e9fd1bc0ac2,27-ccb2ca467504,"{""tr"": ""İslahiye""}",t,0,2026-07-09 13:27:17.006188+00,,,,f,,
fe785724-a6ef-4871-b53b-ca0115632863,1eaace54-1569-4083-a7ae-5e9fd1bc0ac2,27-25754d742ffa,"{""tr"": ""Karkamış""}",t,0,2026-07-09 13:27:17.006188+00,,,,f,,
b95aeadc-331c-4bcb-8d7a-95d864052bbb,1eaace54-1569-4083-a7ae-5e9fd1bc0ac2,27-0feb6c210bbb,"{""tr"": ""Nizip""}",t,0,2026-07-09 13:27:17.006188+00,,,,f,,
009e2944-abec-4c74-9ee4-44c21b50e5f1,1eaace54-1569-4083-a7ae-5e9fd1bc0ac2,27-551aff18c64b,"{""tr"": ""Nurdağı""}",t,0,2026-07-09 13:27:17.006188+00,,,,f,,
2972867e-565e-458c-8d67-c6ce078d9ef2,1eaace54-1569-4083-a7ae-5e9fd1bc0ac2,27-69faa615f6f3,"{""tr"": ""Oğuzeli""}",t,0,2026-07-09 13:27:17.006188+00,,,,f,,
36f5341d-b655-4080-9dd0-4d1157c50525,1eaace54-1569-4083-a7ae-5e9fd1bc0ac2,27-e7e9feceff40,"{""tr"": ""Şahinbey""}",t,0,2026-07-09 13:27:17.006188+00,,,,f,,
3c31d912-8184-486d-a321-e7fb87d54541,1eaace54-1569-4083-a7ae-5e9fd1bc0ac2,27-8622ce859985,"{""tr"": ""Şehitkamil""}",t,0,2026-07-09 13:27:17.006188+00,,,,f,,
0db6fdd2-a234-400d-b1b7-a6e82c984227,1eaace54-1569-4083-a7ae-5e9fd1bc0ac2,27-296ad8f96cc9,"{""tr"": ""Yavuzeli""}",t,0,2026-07-09 13:27:17.006188+00,,,,f,,
54f9caf5-7df9-470d-888c-d91fd95c6d09,8d17bd12-a5ff-4389-a18e-bf698f43ae74,28-eec72d2d1f63,"{""tr"": ""Alucra""}",t,0,2026-07-09 13:27:17.006188+00,,,,f,,
5daffa3a-da84-46b9-9b75-6610a6af3ac1,8d17bd12-a5ff-4389-a18e-bf698f43ae74,28-71dd300e6078,"{""tr"": ""Bulancak""}",t,0,2026-07-09 13:27:17.006188+00,,,,f,,
480f7679-1651-451b-bcaa-3506b791007f,8d17bd12-a5ff-4389-a18e-bf698f43ae74,28-c2dc8592af0b,"{""tr"": ""Çamoluk""}",t,0,2026-07-09 13:27:17.006188+00,,,,f,,
c314a2a2-9609-4dae-8022-0b11b5f9a8cc,8d17bd12-a5ff-4389-a18e-bf698f43ae74,28-cf8bc0540af1,"{""tr"": ""Çanakçı""}",t,0,2026-07-09 13:27:17.006188+00,,,,f,,
9220b15c-4e8a-4c28-8ddf-6427e8ac94d2,8d17bd12-a5ff-4389-a18e-bf698f43ae74,28-25dcf157c616,"{""tr"": ""Dereli""}",t,0,2026-07-09 13:27:17.006188+00,,,,f,,
021f330b-84b6-4910-92a9-ce51b58ab1e9,8d17bd12-a5ff-4389-a18e-bf698f43ae74,28-b26749009bbb,"{""tr"": ""Doğankent""}",t,0,2026-07-09 13:27:17.006188+00,,,,f,,
3ec1e6cf-a85a-400f-a89e-1370226929ee,8d17bd12-a5ff-4389-a18e-bf698f43ae74,28-1a0e84cd465b,"{""tr"": ""Espiye""}",t,0,2026-07-09 13:27:17.006188+00,,,,f,,
936aa986-963b-42ea-8c74-522ec3021b09,8d17bd12-a5ff-4389-a18e-bf698f43ae74,28-b9e694490dbe,"{""tr"": ""Eynesil""}",t,0,2026-07-09 13:27:17.006188+00,,,,f,,
d2fedd94-47a6-45fa-b036-4ecb1fd5fcbb,8d17bd12-a5ff-4389-a18e-bf698f43ae74,28-462840e37d6e,"{""tr"": ""Görele""}",t,0,2026-07-09 13:27:17.006188+00,,,,f,,
410a64c0-19ac-441f-b761-84edc1d672f0,8d17bd12-a5ff-4389-a18e-bf698f43ae74,28-516009bc7e07,"{""tr"": ""Güce""}",t,0,2026-07-09 13:27:17.006188+00,,,,f,,
10be1eaf-5010-4bb5-8c00-862882e21f97,8d17bd12-a5ff-4389-a18e-bf698f43ae74,28-5e6c6ef6d17d,"{""tr"": ""Keşap""}",t,0,2026-07-09 13:27:17.006188+00,,,,f,,
6fc82da6-d4c1-4f22-ba72-c60d5eca5679,8d17bd12-a5ff-4389-a18e-bf698f43ae74,28-29e5ac3c22f3,"{""tr"": ""Merkez""}",t,0,2026-07-09 13:27:17.006188+00,,,,f,,
e81ca229-5c36-44e4-bc3c-c83fe4db5526,8d17bd12-a5ff-4389-a18e-bf698f43ae74,28-5ca907abddd8,"{""tr"": ""Piraziz""}",t,0,2026-07-09 13:27:17.006188+00,,,,f,,
a4008b48-3e9e-44b8-b898-1137685d57f9,8d17bd12-a5ff-4389-a18e-bf698f43ae74,28-1e2798929961,"{""tr"": ""Şebinkarahisar""}",t,0,2026-07-09 13:27:17.006188+00,,,,f,,
a97f0caf-bcca-4f15-a2ed-572b508341b6,8d17bd12-a5ff-4389-a18e-bf698f43ae74,28-3acb22a772cb,"{""tr"": ""Tirebolu""}",t,0,2026-07-09 13:27:17.006188+00,,,,f,,
d3926ad1-4f1f-4b83-a9be-b7a6c3a2d16d,8d17bd12-a5ff-4389-a18e-bf698f43ae74,28-9e655b1a0b61,"{""tr"": ""Yağlıdere""}",t,0,2026-07-09 13:27:17.006188+00,,,,f,,
ae09c43c-44f0-475b-a00b-5d5fc66f428e,a2755f5d-c9c5-4cf9-927e-be16ec1b56ef,29-353d9c618195,"{""tr"": ""Kelkit""}",t,0,2026-07-09 13:27:17.006188+00,,,,f,,
819b97e1-4cc1-4001-927f-5666a2dbb9d8,a2755f5d-c9c5-4cf9-927e-be16ec1b56ef,29-76ed8b5f7995,"{""tr"": ""Köse""}",t,0,2026-07-09 13:27:17.006188+00,,,,f,,
e1fd4d63-d044-47a9-bb1e-925225e7dcfb,a2755f5d-c9c5-4cf9-927e-be16ec1b56ef,29-a23ee855a609,"{""tr"": ""Kürtün""}",t,0,2026-07-09 13:27:17.006188+00,,,,f,,
9805abb0-b6fb-4147-ba1a-b42a92ad913d,a2755f5d-c9c5-4cf9-927e-be16ec1b56ef,29-29e5ac3c22f3,"{""tr"": ""Merkez""}",t,0,2026-07-09 13:27:17.006188+00,,,,f,,
ad063b8d-21ab-4f7b-92e4-419cf5311361,a2755f5d-c9c5-4cf9-927e-be16ec1b56ef,29-b7c5b5e2ff62,"{""tr"": ""Şiran""}",t,0,2026-07-09 13:27:17.006188+00,,,,f,,
58618db9-1538-4a4b-a979-445afa222bb3,a2755f5d-c9c5-4cf9-927e-be16ec1b56ef,29-b5f0e86b7125,"{""tr"": ""Torul""}",t,0,2026-07-09 13:27:17.006188+00,,,,f,,
1d809760-5d16-4d42-9206-73144568eea3,710065af-6386-4403-a203-05daa6689f7a,30-2e2d9bca3b41,"{""tr"": ""Çukurca""}",t,0,2026-07-09 13:27:17.006188+00,,,,f,,
876f8a53-4906-4a0b-ae97-d022ef18f403,710065af-6386-4403-a203-05daa6689f7a,30-1dc74f7ad3e0,"{""tr"": ""Derecik""}",t,0,2026-07-09 13:27:17.006188+00,,,,f,,
71b875f7-2331-4dd3-a448-e858255859e7,710065af-6386-4403-a203-05daa6689f7a,30-29e5ac3c22f3,"{""tr"": ""Merkez""}",t,0,2026-07-09 13:27:17.006188+00,,,,f,,
3ccc3dac-44e0-409b-9fee-025a4ad88740,710065af-6386-4403-a203-05daa6689f7a,30-313cf6e9a592,"{""tr"": ""Şemdinli""}",t,0,2026-07-09 13:27:17.006188+00,,,,f,,
3327d6b4-f64e-4612-9a44-8873dcd2b9e0,710065af-6386-4403-a203-05daa6689f7a,30-ead6da51f414,"{""tr"": ""Yüksekova""}",t,0,2026-07-09 13:27:17.006188+00,,,,f,,
c17240e4-f8b0-4202-a0b4-31dbe9073f26,d69c4851-e7f0-4a37-9cb7-57d4ab2e19c6,31-bef0c705c695,"{""tr"": ""Altınözü""}",t,0,2026-07-09 13:27:17.006188+00,,,,f,,
ef7a881b-6b5c-4cdf-9ec4-2e72400a32da,d69c4851-e7f0-4a37-9cb7-57d4ab2e19c6,31-dbceac19d800,"{""tr"": ""Antakya""}",t,0,2026-07-09 13:27:17.006188+00,,,,f,,
632842f9-28ad-489f-a78a-f72ba2402a36,d69c4851-e7f0-4a37-9cb7-57d4ab2e19c6,31-9b3e2eb36449,"{""tr"": ""Arsuz""}",t,0,2026-07-09 13:27:17.006188+00,,,,f,,
643e379e-2b56-423c-ada2-e07df1e94744,d69c4851-e7f0-4a37-9cb7-57d4ab2e19c6,31-d4afe7c529cf,"{""tr"": ""Belen""}",t,0,2026-07-09 13:27:17.006188+00,,,,f,,
355beb5e-75e1-4bfc-a92e-a13273f8fdec,d69c4851-e7f0-4a37-9cb7-57d4ab2e19c6,31-5b2002ef0787,"{""tr"": ""Defne""}",t,0,2026-07-09 13:27:17.006188+00,,,,f,,
fcf2307d-d206-40b3-b765-e8b7e21fe8be,d69c4851-e7f0-4a37-9cb7-57d4ab2e19c6,31-93ca1fbd92b6,"{""tr"": ""Dörtyol""}",t,0,2026-07-09 13:27:17.006188+00,,,,f,,
9873b262-062d-4778-bcea-74c61c9e3c64,d69c4851-e7f0-4a37-9cb7-57d4ab2e19c6,31-7e81724a2533,"{""tr"": ""Erzin""}",t,0,2026-07-09 13:27:17.006188+00,,,,f,,
8eb8d141-a56b-4830-9a67-3773e9875fc5,d69c4851-e7f0-4a37-9cb7-57d4ab2e19c6,31-6739134f811b,"{""tr"": ""Hassa""}",t,0,2026-07-09 13:27:17.006188+00,,,,f,,
39364645-2396-4440-a60a-95f11478cfab,d69c4851-e7f0-4a37-9cb7-57d4ab2e19c6,31-1be4c86b63aa,"{""tr"": ""İskenderun""}",t,0,2026-07-09 13:27:17.006188+00,,,,f,,
db2b92af-7f3a-4c85-930f-cfa04f820018,d69c4851-e7f0-4a37-9cb7-57d4ab2e19c6,31-5337f63f0e71,"{""tr"": ""Kırıkhan""}",t,0,2026-07-09 13:27:17.006188+00,,,,f,,
bfe4f564-16bf-4b0d-a50f-f905068d135f,d69c4851-e7f0-4a37-9cb7-57d4ab2e19c6,31-c9e3e82e5573,"{""tr"": ""Kumlu""}",t,0,2026-07-09 13:27:17.006188+00,,,,f,,
c24cf783-bd9f-4709-905d-8174225f306c,d69c4851-e7f0-4a37-9cb7-57d4ab2e19c6,31-55cf4c574cc2,"{""tr"": ""Payas""}",t,0,2026-07-09 13:27:17.006188+00,,,,f,,
5909c837-4b38-4e8f-9e1e-96ee509abc6e,d69c4851-e7f0-4a37-9cb7-57d4ab2e19c6,31-8253ecb1c20c,"{""tr"": ""Reyhanlı""}",t,0,2026-07-09 13:27:17.006188+00,,,,f,,
a941aeff-6ac5-4855-abb0-3ccbcff08779,d69c4851-e7f0-4a37-9cb7-57d4ab2e19c6,31-0652de2f617c,"{""tr"": ""Samandağ""}",t,0,2026-07-09 13:27:17.006188+00,,,,f,,
ad41583f-5f5e-4b1a-924a-5039072d1ecf,d69c4851-e7f0-4a37-9cb7-57d4ab2e19c6,31-03c1a9980c06,"{""tr"": ""Yayladağı""}",t,0,2026-07-09 13:27:17.006188+00,,,,f,,
8d3a8d8f-9d01-43ac-a4da-704d2fae4beb,42cb65f7-6ad7-4269-b11d-3c387383d34c,76-5f19b8d3298c,"{""tr"": ""Aralık""}",t,0,2026-07-09 13:27:17.006188+00,,,,f,,
a815f55f-f7d5-46fe-996a-9bf74a24c63e,42cb65f7-6ad7-4269-b11d-3c387383d34c,76-db43c2a74596,"{""tr"": ""Karakoyunlu""}",t,0,2026-07-09 13:27:17.006188+00,,,,f,,
4845e952-ac93-4e21-8b2e-3256628c4cd1,42cb65f7-6ad7-4269-b11d-3c387383d34c,76-29e5ac3c22f3,"{""tr"": ""Merkez""}",t,0,2026-07-09 13:27:17.006188+00,,,,f,,
3914a258-8519-4e2a-8c0f-f086878062ab,42cb65f7-6ad7-4269-b11d-3c387383d34c,76-93de8444029f,"{""tr"": ""Tuzluca""}",t,0,2026-07-09 13:27:17.006188+00,,,,f,,
9e397f18-bdcc-4148-82bd-53ed3dbfdd0f,8f306969-c494-4c93-897d-39bf44abf5e7,32-e01044a10820,"{""tr"": ""Aksu""}",t,0,2026-07-09 13:27:17.006188+00,,,,f,,
442da69d-189a-490b-bd2f-f6190da702e2,8f306969-c494-4c93-897d-39bf44abf5e7,32-2784e4460dd9,"{""tr"": ""Atabey""}",t,0,2026-07-09 13:27:17.006188+00,,,,f,,
096cb150-1a1f-40e4-b460-7567dfb8beb4,8f306969-c494-4c93-897d-39bf44abf5e7,32-7a6c9fecf6cf,"{""tr"": ""Eğirdir""}",t,0,2026-07-09 13:27:17.006188+00,,,,f,,
06aa26dc-14f1-43ac-abe4-efa58b98b34b,8f306969-c494-4c93-897d-39bf44abf5e7,32-d449c720901e,"{""tr"": ""Gelendost""}",t,0,2026-07-09 13:27:17.006188+00,,,,f,,
aa16acc5-6cc6-4632-89a7-c15c9e0e68b1,8f306969-c494-4c93-897d-39bf44abf5e7,32-99f43e643f36,"{""tr"": ""Gönen""}",t,0,2026-07-09 13:27:17.006188+00,,,,f,,
f605cc52-f832-47ed-84ba-2811f550ed33,8f306969-c494-4c93-897d-39bf44abf5e7,32-59806e46cb75,"{""tr"": ""Keçiborlu""}",t,0,2026-07-09 13:27:17.006188+00,,,,f,,
60e8fc39-24b3-49f9-9064-07dac5b9cd7a,8f306969-c494-4c93-897d-39bf44abf5e7,32-29e5ac3c22f3,"{""tr"": ""Merkez""}",t,0,2026-07-09 13:27:17.006188+00,,,,f,,
55b8ce5a-ef6e-4052-986e-f017cd1c7c60,8f306969-c494-4c93-897d-39bf44abf5e7,32-ca7ee90d8a09,"{""tr"": ""Senirkent""}",t,0,2026-07-09 13:27:17.006188+00,,,,f,,
7ece3338-4ff4-4971-b4c3-22f524126cb7,8f306969-c494-4c93-897d-39bf44abf5e7,32-1a1c1c87ab17,"{""tr"": ""Sütçüler""}",t,0,2026-07-09 13:27:17.006188+00,,,,f,,
e3bf04fa-35c0-4e06-bca3-7d7f3a603574,8f306969-c494-4c93-897d-39bf44abf5e7,32-549c4d6395dd,"{""tr"": ""Şarkikaraağaç""}",t,0,2026-07-09 13:27:17.006188+00,,,,f,,
1a0b0cff-4526-4ae4-9e97-48e611f262aa,8f306969-c494-4c93-897d-39bf44abf5e7,32-ffdbc871e805,"{""tr"": ""Uluborlu""}",t,0,2026-07-09 13:27:17.006188+00,,,,f,,
e32d38d4-c82c-477f-961f-c826fb6094c7,8f306969-c494-4c93-897d-39bf44abf5e7,32-8f02130be11d,"{""tr"": ""Yalvaç""}",t,0,2026-07-09 13:27:17.006188+00,,,,f,,
812386c0-4d93-46aa-91fb-5fe8d589265f,8f306969-c494-4c93-897d-39bf44abf5e7,32-87aa76081d25,"{""tr"": ""Yenişarbademli""}",t,0,2026-07-09 13:27:17.006188+00,,,,f,,
a1d776da-8beb-4c34-8963-0c38fb13eed6,bb9020e3-c06b-45ba-b0f2-440f8f935fc7,34-dbd752287070,"{""tr"": ""Adalar""}",t,0,2026-07-09 13:27:17.006188+00,,,,f,,
a6c97439-81c2-4b6a-86e9-ef5f204e1692,bb9020e3-c06b-45ba-b0f2-440f8f935fc7,34-62e9ae898697,"{""tr"": ""Arnavutköy""}",t,0,2026-07-09 13:27:17.006188+00,,,,f,,
4111aa9e-7647-41d4-b363-e9265d6af086,bb9020e3-c06b-45ba-b0f2-440f8f935fc7,34-972938d28fb4,"{""tr"": ""Ataşehir""}",t,0,2026-07-09 13:27:17.006188+00,,,,f,,
a7823183-1892-45db-8c49-bd3f8ff22613,bb9020e3-c06b-45ba-b0f2-440f8f935fc7,34-cb56f3f436a1,"{""tr"": ""Avcılar""}",t,0,2026-07-09 13:27:17.006188+00,,,,f,,
2283ca39-55aa-4140-a650-c347c7df6d14,bb9020e3-c06b-45ba-b0f2-440f8f935fc7,34-6ce2debd5e86,"{""tr"": ""Bağcılar""}",t,0,2026-07-09 13:27:17.006188+00,,,,f,,
d137981b-8699-4358-a757-47f1b5eeceb2,bb9020e3-c06b-45ba-b0f2-440f8f935fc7,34-ae4b32a83cc2,"{""tr"": ""Bahçelievler""}",t,0,2026-07-09 13:27:17.006188+00,,,,f,,
708c24bf-1b07-4199-a548-3e319b438ad8,bb9020e3-c06b-45ba-b0f2-440f8f935fc7,34-16a509094b90,"{""tr"": ""Bakırköy""}",t,0,2026-07-09 13:27:17.006188+00,,,,f,,
1269bcf6-c609-4c27-b0a5-2b4ea609e51e,bb9020e3-c06b-45ba-b0f2-440f8f935fc7,34-1ef8e11802a4,"{""tr"": ""Başakşehir""}",t,0,2026-07-09 13:27:17.006188+00,,,,f,,
c0c0a8e4-5c56-4aef-9c3b-39aeebb7cc1d,bb9020e3-c06b-45ba-b0f2-440f8f935fc7,34-5e5cc2dfa421,"{""tr"": ""Bayrampaşa""}",t,0,2026-07-09 13:27:17.006188+00,,,,f,,
a79f5517-c4ff-4881-9b5b-d0406844eccc,bb9020e3-c06b-45ba-b0f2-440f8f935fc7,34-4cef278fa51d,"{""tr"": ""Beşiktaş""}",t,0,2026-07-09 13:27:17.006188+00,,,,f,,
2663662f-7482-4923-b0c7-d7718167a98c,bb9020e3-c06b-45ba-b0f2-440f8f935fc7,34-4ea4b4db5f8b,"{""tr"": ""Beykoz""}",t,0,2026-07-09 13:27:17.006188+00,,,,f,,
962b2e7a-db1d-4e1a-8c1e-340f175c3bd2,bb9020e3-c06b-45ba-b0f2-440f8f935fc7,34-97d40de20e72,"{""tr"": ""Beylikdüzü""}",t,0,2026-07-09 13:27:17.006188+00,,,,f,,
4b5e203c-0d12-4e99-aa39-9c84b13a2916,bb9020e3-c06b-45ba-b0f2-440f8f935fc7,34-3637ef9629ee,"{""tr"": ""Beyoğlu""}",t,0,2026-07-09 13:27:17.006188+00,,,,f,,
f72a38ba-827e-48c7-ba4a-faf265febc97,bb9020e3-c06b-45ba-b0f2-440f8f935fc7,34-dd3e609cbc44,"{""tr"": ""Büyükçekmece""}",t,0,2026-07-09 13:27:17.006188+00,,,,f,,
e41ef9e2-a31f-4cb7-ac25-9e9746f94808,bb9020e3-c06b-45ba-b0f2-440f8f935fc7,34-6ff26b0d521e,"{""tr"": ""Çatalca""}",t,0,2026-07-09 13:27:17.006188+00,,,,f,,
5b3a0d59-aa94-4bf6-b91b-65f3c2c1ef4e,bb9020e3-c06b-45ba-b0f2-440f8f935fc7,34-4a70d7164c77,"{""tr"": ""Çekmeköy""}",t,0,2026-07-09 13:27:17.006188+00,,,,f,,
67b0e003-a768-45c8-a08a-f8173ca3e711,bb9020e3-c06b-45ba-b0f2-440f8f935fc7,34-c634a1fe94b9,"{""tr"": ""Esenler""}",t,0,2026-07-09 13:27:17.006188+00,,,,f,,
f16ab943-e7ef-4ac2-8bb0-764b4495a67a,bb9020e3-c06b-45ba-b0f2-440f8f935fc7,34-b5ae73896794,"{""tr"": ""Esenyurt""}",t,0,2026-07-09 13:27:17.006188+00,,,,f,,
a4f4b652-c95d-4fdb-96bf-dc5980fb9b63,bb9020e3-c06b-45ba-b0f2-440f8f935fc7,34-55885a016629,"{""tr"": ""Eyüpsultan""}",t,0,2026-07-09 13:27:17.006188+00,,,,f,,
4703ca0b-dea0-4eb0-a54d-429cb6aa31da,bb9020e3-c06b-45ba-b0f2-440f8f935fc7,34-1aae33cc1633,"{""tr"": ""Fatih""}",t,0,2026-07-09 13:27:17.006188+00,,,,f,,
4f9b1f3f-3450-44b6-84df-1ba3570b3841,bb9020e3-c06b-45ba-b0f2-440f8f935fc7,34-b2a4fb7e5350,"{""tr"": ""Gaziosmanpaşa""}",t,0,2026-07-09 13:27:17.006188+00,,,,f,,
a5d99855-934f-4de7-a887-890cfd10cea0,bb9020e3-c06b-45ba-b0f2-440f8f935fc7,34-9e8f4a5eb765,"{""tr"": ""Güngören""}",t,0,2026-07-09 13:27:17.006188+00,,,,f,,
4317cf25-de5f-4cfd-ad46-85fb9d2cd134,bb9020e3-c06b-45ba-b0f2-440f8f935fc7,34-28b388b12d60,"{""tr"": ""Kadıköy""}",t,0,2026-07-09 13:27:17.006188+00,,,,f,,
e13dca8b-b71f-42a4-bf2b-1534986dbdec,bb9020e3-c06b-45ba-b0f2-440f8f935fc7,34-dedcb23b6a0c,"{""tr"": ""Kağıthane""}",t,0,2026-07-09 13:27:17.006188+00,,,,f,,
51b6f89e-80de-4a96-903f-67cb12d32796,bb9020e3-c06b-45ba-b0f2-440f8f935fc7,34-d6fafa95a0c9,"{""tr"": ""Kartal""}",t,0,2026-07-09 13:27:17.006188+00,,,,f,,
4a18aa08-8b45-45c1-a612-7bc4ed74d0a6,bb9020e3-c06b-45ba-b0f2-440f8f935fc7,34-1baa88d32c8e,"{""tr"": ""Küçükçekmece""}",t,0,2026-07-09 13:27:17.006188+00,,,,f,,
8a8dda69-b3b7-45f6-971e-4b4852cc70a0,bb9020e3-c06b-45ba-b0f2-440f8f935fc7,34-14a621703b36,"{""tr"": ""Maltepe""}",t,0,2026-07-09 13:27:17.006188+00,,,,f,,
7e63f633-7245-43c1-8388-4275cf917660,bb9020e3-c06b-45ba-b0f2-440f8f935fc7,34-d8849749d883,"{""tr"": ""Pendik""}",t,0,2026-07-09 13:27:17.006188+00,,,,f,,
ed2ad489-9c58-42fd-8666-cc4d709a1127,bb9020e3-c06b-45ba-b0f2-440f8f935fc7,34-610e6ca6010f,"{""tr"": ""Sancaktepe""}",t,0,2026-07-09 13:27:17.006188+00,,,,f,,
943fda98-ba30-4ac8-8b17-8def776698b3,bb9020e3-c06b-45ba-b0f2-440f8f935fc7,34-13d2fcce3d42,"{""tr"": ""Sarıyer""}",t,0,2026-07-09 13:27:17.006188+00,,,,f,,
d57fd153-7ec7-4c33-92a1-2e54ec00f7e5,bb9020e3-c06b-45ba-b0f2-440f8f935fc7,34-28411b6c9195,"{""tr"": ""Silivri""}",t,0,2026-07-09 13:27:17.006188+00,,,,f,,
a429282c-d143-42a2-b6a9-f123684752eb,bb9020e3-c06b-45ba-b0f2-440f8f935fc7,34-1fa8bb7323e4,"{""tr"": ""Sultanbeyli""}",t,0,2026-07-09 13:27:17.006188+00,,,,f,,
95bf6c6f-4afc-46a6-86cc-92cf58893bd2,bb9020e3-c06b-45ba-b0f2-440f8f935fc7,34-e3402bed8d35,"{""tr"": ""Sultangazi""}",t,0,2026-07-09 13:27:17.006188+00,,,,f,,
479e0db1-3749-4394-b501-1e11b47f6d85,bb9020e3-c06b-45ba-b0f2-440f8f935fc7,34-5fad043ca82f,"{""tr"": ""Şile""}",t,0,2026-07-09 13:27:17.006188+00,,,,f,,
16371b2e-a710-4e17-8aef-b764bfd55831,bb9020e3-c06b-45ba-b0f2-440f8f935fc7,34-417d41fdc414,"{""tr"": ""Şişli""}",t,0,2026-07-09 13:27:17.006188+00,,,,f,,
6ddd6c5f-ae00-4f53-b542-120934abcec5,bb9020e3-c06b-45ba-b0f2-440f8f935fc7,34-4c6005845fa6,"{""tr"": ""Tuzla""}",t,0,2026-07-09 13:27:17.006188+00,,,,f,,
ad55d90c-73f6-4e28-a2cc-4f2d096bb4da,bb9020e3-c06b-45ba-b0f2-440f8f935fc7,34-ad475c166774,"{""tr"": ""Ümraniye""}",t,0,2026-07-09 13:27:17.006188+00,,,,f,,
baafe58a-903f-4e1d-8d46-b8af3b593f24,bb9020e3-c06b-45ba-b0f2-440f8f935fc7,34-9952b24ca50b,"{""tr"": ""Üsküdar""}",t,0,2026-07-09 13:27:17.006188+00,,,,f,,
cbd987bd-6ba2-4a81-8bbd-f6e685e3ec87,bb9020e3-c06b-45ba-b0f2-440f8f935fc7,34-88dbb0c8a8e7,"{""tr"": ""Zeytinburnu""}",t,0,2026-07-09 13:27:17.006188+00,,,,f,,
c1f9f2f9-7ff1-4e27-a7bd-757f0acd309b,bbf8e575-3968-4803-ba62-a9b7ad5b1021,35-0bfc741577df,"{""tr"": ""Aliağa""}",t,0,2026-07-09 13:27:17.006188+00,,,,f,,
df5b1f7e-9917-4839-806f-f7659e568fc0,bbf8e575-3968-4803-ba62-a9b7ad5b1021,35-4c9178ef658e,"{""tr"": ""Balçova""}",t,0,2026-07-09 13:27:17.006188+00,,,,f,,
ab887812-fe27-43fd-b56e-6cc54c0add6f,bbf8e575-3968-4803-ba62-a9b7ad5b1021,35-bc608dccb86e,"{""tr"": ""Bayındır""}",t,0,2026-07-09 13:27:17.006188+00,,,,f,,
510d2a56-2a2b-4257-b38b-31f1651a7c80,bbf8e575-3968-4803-ba62-a9b7ad5b1021,35-bd01de0aa2a9,"{""tr"": ""Bayraklı""}",t,0,2026-07-09 13:27:17.006188+00,,,,f,,
03225cbb-fca5-4023-8b34-898843130ee1,bbf8e575-3968-4803-ba62-a9b7ad5b1021,35-38668ceaa93d,"{""tr"": ""Bergama""}",t,0,2026-07-09 13:27:17.006188+00,,,,f,,
517636c6-ab96-457a-a7f3-8461a8b896ca,bbf8e575-3968-4803-ba62-a9b7ad5b1021,35-092779de20e1,"{""tr"": ""Beydağ""}",t,0,2026-07-09 13:27:17.006188+00,,,,f,,
013eeba2-762c-4458-a8cd-338134749fa2,bbf8e575-3968-4803-ba62-a9b7ad5b1021,35-a9a05fc6f986,"{""tr"": ""Bornova""}",t,0,2026-07-09 13:27:17.006188+00,,,,f,,
ea25b523-b9b1-418e-9ae6-5ff1b940651a,bbf8e575-3968-4803-ba62-a9b7ad5b1021,35-e2df36051a85,"{""tr"": ""Buca""}",t,0,2026-07-09 13:27:17.006188+00,,,,f,,
8dda82e4-4c93-4b97-8d12-c0332349e992,bbf8e575-3968-4803-ba62-a9b7ad5b1021,35-757304ebea1a,"{""tr"": ""Çeşme""}",t,0,2026-07-09 13:27:17.006188+00,,,,f,,
37d6cf82-13db-41ca-8898-3766fbc0826d,bbf8e575-3968-4803-ba62-a9b7ad5b1021,35-c889b9009f30,"{""tr"": ""Çiğli""}",t,0,2026-07-09 13:27:17.006188+00,,,,f,,
4c8f26f8-5fe8-4165-b0b5-2cb0e8dc847a,bbf8e575-3968-4803-ba62-a9b7ad5b1021,35-39fd2611b068,"{""tr"": ""Dikili""}",t,0,2026-07-09 13:27:17.006188+00,,,,f,,
f6c825a6-7f94-48d5-be66-46d734dec439,bbf8e575-3968-4803-ba62-a9b7ad5b1021,35-ff5da596a143,"{""tr"": ""Foça""}",t,0,2026-07-09 13:27:17.006188+00,,,,f,,
1a12c72a-039c-4592-85e8-e2abe44bcad1,bbf8e575-3968-4803-ba62-a9b7ad5b1021,35-5e71b6b87056,"{""tr"": ""Gaziemir""}",t,0,2026-07-09 13:27:17.006188+00,,,,f,,
094beb97-9ad7-4f8f-97ba-e4a5f906f948,bbf8e575-3968-4803-ba62-a9b7ad5b1021,35-83c4109168ee,"{""tr"": ""Güzelbahçe""}",t,0,2026-07-09 13:27:17.006188+00,,,,f,,
5ab941ea-6a45-47d3-bc14-9187d0d50b34,bbf8e575-3968-4803-ba62-a9b7ad5b1021,35-093b1c4e93aa,"{""tr"": ""Karabağlar""}",t,0,2026-07-09 13:27:17.006188+00,,,,f,,
282238ca-1e5c-4776-8f56-dfaf6b2f712f,bbf8e575-3968-4803-ba62-a9b7ad5b1021,35-e0818bd2028e,"{""tr"": ""Karaburun""}",t,0,2026-07-09 13:27:17.006188+00,,,,f,,
e69e24f9-45ba-4e72-b551-10ca28039cef,bbf8e575-3968-4803-ba62-a9b7ad5b1021,35-b7d0a0110cf1,"{""tr"": ""Karşıyaka""}",t,0,2026-07-09 13:27:17.006188+00,,,,f,,
c3617b5f-b45f-4a0d-9878-2fdc93fb6d74,bbf8e575-3968-4803-ba62-a9b7ad5b1021,35-d858a4ac7984,"{""tr"": ""Kemalpaşa""}",t,0,2026-07-09 13:27:17.006188+00,,,,f,,
1d0a5145-b5a6-4f36-80e5-0fb0b476465f,bbf8e575-3968-4803-ba62-a9b7ad5b1021,35-211193365472,"{""tr"": ""Kınık""}",t,0,2026-07-09 13:27:17.006188+00,,,,f,,
0c73145a-621e-4b44-90b5-ea5bb335dc7f,bbf8e575-3968-4803-ba62-a9b7ad5b1021,35-2482d4aa5c32,"{""tr"": ""Kiraz""}",t,0,2026-07-09 13:27:17.006188+00,,,,f,,
fad03964-0aca-4d38-a246-c83d363ab1c6,bbf8e575-3968-4803-ba62-a9b7ad5b1021,35-9a1716d85d99,"{""tr"": ""Konak""}",t,0,2026-07-09 13:27:17.006188+00,,,,f,,
fd2074dc-700d-40db-b616-7ce36396363a,bbf8e575-3968-4803-ba62-a9b7ad5b1021,35-3fcac6075917,"{""tr"": ""Menderes""}",t,0,2026-07-09 13:27:17.006188+00,,,,f,,
eb863e48-62cc-4f85-81b6-77ba1b078f0a,bbf8e575-3968-4803-ba62-a9b7ad5b1021,35-4156cb8e0fb0,"{""tr"": ""Menemen""}",t,0,2026-07-09 13:27:17.006188+00,,,,f,,
da848c96-4551-4b56-8196-4e84268575e5,bbf8e575-3968-4803-ba62-a9b7ad5b1021,35-48560ab87a7b,"{""tr"": ""Narlıdere""}",t,0,2026-07-09 13:27:17.006188+00,,,,f,,
36e1c3e5-f30b-48fb-91f9-502e66495a6a,bbf8e575-3968-4803-ba62-a9b7ad5b1021,35-0af5fcf458b7,"{""tr"": ""Ödemiş""}",t,0,2026-07-09 13:27:17.006188+00,,,,f,,
68a50f76-784c-44c1-86d7-0b481fe40103,bbf8e575-3968-4803-ba62-a9b7ad5b1021,35-a3242773b683,"{""tr"": ""Seferihisar""}",t,0,2026-07-09 13:27:17.006188+00,,,,f,,
4f5a5d0e-80ac-4bcd-9157-418317456f58,bbf8e575-3968-4803-ba62-a9b7ad5b1021,35-57b61ddcff42,"{""tr"": ""Selçuk""}",t,0,2026-07-09 13:27:17.006188+00,,,,f,,
3d119ac6-9d26-4801-acca-94a63a47245b,bbf8e575-3968-4803-ba62-a9b7ad5b1021,35-e4b17d74cfa6,"{""tr"": ""Tire""}",t,0,2026-07-09 13:27:17.006188+00,,,,f,,
229a3885-0e9c-4d2d-9ee5-852348209ff8,bbf8e575-3968-4803-ba62-a9b7ad5b1021,35-aa8ab346abbd,"{""tr"": ""Torbalı""}",t,0,2026-07-09 13:27:17.006188+00,,,,f,,
fb9b3ce3-16a2-4881-b6ee-1c160fd10603,bbf8e575-3968-4803-ba62-a9b7ad5b1021,35-d19a25d797f2,"{""tr"": ""Urla""}",t,0,2026-07-09 13:27:17.006188+00,,,,f,,
d703a105-e4be-40de-a284-2eed195c33d4,4624e6fd-bea7-40d2-a4cb-412f6f90c0d4,46-8281770b5653,"{""tr"": ""Afşin""}",t,0,2026-07-09 13:27:17.006188+00,,,,f,,
23d2b5dc-92ae-4f00-a634-f7713c454330,4624e6fd-bea7-40d2-a4cb-412f6f90c0d4,46-d4347922733e,"{""tr"": ""Andırın""}",t,0,2026-07-09 13:27:17.006188+00,,,,f,,
68e56352-8f1e-4c6d-83d7-385c6cf1fb35,4624e6fd-bea7-40d2-a4cb-412f6f90c0d4,46-f8a7746044b1,"{""tr"": ""Çağlayancerit""}",t,0,2026-07-09 13:27:17.006188+00,,,,f,,
c0e483f6-72ba-4d61-92b6-fdb322d47f45,4624e6fd-bea7-40d2-a4cb-412f6f90c0d4,46-d552ea0128c2,"{""tr"": ""Dulkadiroğlu""}",t,0,2026-07-09 13:27:17.006188+00,,,,f,,
a5468ca1-943e-465c-996e-64d792c16056,4624e6fd-bea7-40d2-a4cb-412f6f90c0d4,46-0af9d08de3d3,"{""tr"": ""Ekinözü""}",t,0,2026-07-09 13:27:17.006188+00,,,,f,,
e4b065da-153f-4dae-a531-4d0f7938adf7,4624e6fd-bea7-40d2-a4cb-412f6f90c0d4,46-97c8bb3307bb,"{""tr"": ""Elbistan""}",t,0,2026-07-09 13:27:17.006188+00,,,,f,,
3950e435-cd22-4900-948c-ab52cb0ef5a1,4624e6fd-bea7-40d2-a4cb-412f6f90c0d4,46-a52601fa6ff4,"{""tr"": ""Göksun""}",t,0,2026-07-09 13:27:17.006188+00,,,,f,,
5157df34-8d31-416b-9953-5c75c9b2c13f,4624e6fd-bea7-40d2-a4cb-412f6f90c0d4,46-759de4138731,"{""tr"": ""Nurhak""}",t,0,2026-07-09 13:27:17.006188+00,,,,f,,
e9f943d0-da35-4d95-a7cb-5f7a4da4c530,4624e6fd-bea7-40d2-a4cb-412f6f90c0d4,46-d81a2fcf0515,"{""tr"": ""Onikişubat""}",t,0,2026-07-09 13:27:17.006188+00,,,,f,,
54293810-5563-4524-bcd2-11f3e2e0de0d,4624e6fd-bea7-40d2-a4cb-412f6f90c0d4,46-2bc5c3ef5ea0,"{""tr"": ""Pazarcık""}",t,0,2026-07-09 13:27:17.006188+00,,,,f,,
7e38515e-7dc5-42ac-9f4f-073b62cc825f,4624e6fd-bea7-40d2-a4cb-412f6f90c0d4,46-a3d7b3aabbe3,"{""tr"": ""Türkoğlu""}",t,0,2026-07-09 13:27:17.006188+00,,,,f,,
1bd3d986-cc6a-4e06-9ee5-ee22ece1cb81,a28df7fa-2759-4f4c-9f06-31d533ac75a8,78-c067203f917e,"{""tr"": ""Eflani""}",t,0,2026-07-09 13:27:17.006188+00,,,,f,,
1ff1b680-d37d-4570-9a97-cfffd457a8e2,a28df7fa-2759-4f4c-9f06-31d533ac75a8,78-6db712ee6f4d,"{""tr"": ""Eskipazar""}",t,0,2026-07-09 13:27:17.006188+00,,,,f,,
d2519966-271c-4cdf-9df3-081b50efbb9a,a28df7fa-2759-4f4c-9f06-31d533ac75a8,78-29e5ac3c22f3,"{""tr"": ""Merkez""}",t,0,2026-07-09 13:27:17.006188+00,,,,f,,
9f506219-c876-400f-a904-e48177b3b1ea,a28df7fa-2759-4f4c-9f06-31d533ac75a8,78-21e70be84677,"{""tr"": ""Ovacık""}",t,0,2026-07-09 13:27:17.006188+00,,,,f,,
fcba242d-762f-4168-a0b2-f798bb5c02ee,a28df7fa-2759-4f4c-9f06-31d533ac75a8,78-43fee0fb3b5f,"{""tr"": ""Safranbolu""}",t,0,2026-07-09 13:27:17.006188+00,,,,f,,
3099b1b8-9f94-47f3-abaf-4ff1bb25acf6,a28df7fa-2759-4f4c-9f06-31d533ac75a8,78-0408aa3bdcc3,"{""tr"": ""Yenice""}",t,0,2026-07-09 13:27:17.006188+00,,,,f,,
02d50297-e173-4114-ad93-b2af9e7a8715,8e73fb44-b537-4240-b244-6a57d1ec209c,70-eef083c38f1a,"{""tr"": ""Ayrancı""}",t,0,2026-07-09 13:27:17.006188+00,,,,f,,
a918466d-7785-4884-96dd-742a4187ddbf,8e73fb44-b537-4240-b244-6a57d1ec209c,70-67732adb7181,"{""tr"": ""Başyayla""}",t,0,2026-07-09 13:27:17.006188+00,,,,f,,
22b6c5b4-620f-45a8-ac63-2f02397b1084,8e73fb44-b537-4240-b244-6a57d1ec209c,70-72399c9908a7,"{""tr"": ""Ermenek""}",t,0,2026-07-09 13:27:17.006188+00,,,,f,,
041dceb6-4922-488f-bf55-825651f313c5,8e73fb44-b537-4240-b244-6a57d1ec209c,70-767e0f578be0,"{""tr"": ""Kazımkarabekir""}",t,0,2026-07-09 13:27:17.006188+00,,,,f,,
9ab24a75-ab2a-40db-9ffa-b1013c8ed341,8e73fb44-b537-4240-b244-6a57d1ec209c,70-29e5ac3c22f3,"{""tr"": ""Merkez""}",t,0,2026-07-09 13:27:17.006188+00,,,,f,,
8d058cb6-04bb-478d-9918-d4ef56a2e95f,8e73fb44-b537-4240-b244-6a57d1ec209c,70-52d450c54012,"{""tr"": ""Sarıveliler""}",t,0,2026-07-09 13:27:17.006188+00,,,,f,,
7134718e-afd7-4b8a-9d03-e0ae68a8e209,2e2b8252-537b-447d-ae90-456379116866,36-7e0615789c2e,"{""tr"": ""Akyaka""}",t,0,2026-07-09 13:27:17.006188+00,,,,f,,
5d0e8366-c6f5-49ea-99d3-ac530ebdc754,2e2b8252-537b-447d-ae90-456379116866,36-44e0c40ccf86,"{""tr"": ""Arpaçay""}",t,0,2026-07-09 13:27:17.006188+00,,,,f,,
a8a41ba5-a1d5-4fb4-a017-3613dcb621d0,2e2b8252-537b-447d-ae90-456379116866,36-329730400b80,"{""tr"": ""Digor""}",t,0,2026-07-09 13:27:17.006188+00,,,,f,,
9fc7f114-c31a-4148-a13b-d258095666cc,2e2b8252-537b-447d-ae90-456379116866,36-624581ee1ac8,"{""tr"": ""Kağızman""}",t,0,2026-07-09 13:27:17.006188+00,,,,f,,
c6aba41a-bfa8-440d-b566-8868e43dc228,2e2b8252-537b-447d-ae90-456379116866,36-29e5ac3c22f3,"{""tr"": ""Merkez""}",t,0,2026-07-09 13:27:17.006188+00,,,,f,,
a896105e-2a0f-40c8-b529-7249eee5c9b1,2e2b8252-537b-447d-ae90-456379116866,36-a746f02ea653,"{""tr"": ""Sarıkamış""}",t,0,2026-07-09 13:27:17.006188+00,,,,f,,
82f94adc-b021-41a9-affa-7e1d00427351,2e2b8252-537b-447d-ae90-456379116866,36-61cfb586f1c8,"{""tr"": ""Selim""}",t,0,2026-07-09 13:27:17.006188+00,,,,f,,
3e81b833-a943-45b6-93e0-50d432852668,2e2b8252-537b-447d-ae90-456379116866,36-a3cc97d9427d,"{""tr"": ""Susuz""}",t,0,2026-07-09 13:27:17.006188+00,,,,f,,
e8ff0194-83b5-4b40-84cb-4852ee45dc7f,b2894e7c-e2ce-4d75-9605-38d723c862cd,37-db5cd37e4422,"{""tr"": ""Abana""}",t,0,2026-07-09 13:27:17.006188+00,,,,f,,
4e83d035-0561-458a-9da4-864f35088b5f,b2894e7c-e2ce-4d75-9605-38d723c862cd,37-78b3fdd6fbe7,"{""tr"": ""Ağlı""}",t,0,2026-07-09 13:27:17.006188+00,,,,f,,
adfced5e-1954-420b-a59a-f51c34ad1da6,b2894e7c-e2ce-4d75-9605-38d723c862cd,37-3612b967977c,"{""tr"": ""Araç""}",t,0,2026-07-09 13:27:17.006188+00,,,,f,,
6e485283-06be-4550-8f62-f8db49130f12,b2894e7c-e2ce-4d75-9605-38d723c862cd,37-a16a94139a02,"{""tr"": ""Azdavay""}",t,0,2026-07-09 13:27:17.006188+00,,,,f,,
fa2163aa-3299-4206-bf3c-73990661f81c,b2894e7c-e2ce-4d75-9605-38d723c862cd,37-84d821ce9752,"{""tr"": ""Bozkurt""}",t,0,2026-07-09 13:27:17.006188+00,,,,f,,
6c0a73e1-7fd5-4d72-8067-b4ed80ea8809,b2894e7c-e2ce-4d75-9605-38d723c862cd,37-7042915a0ca6,"{""tr"": ""Cide""}",t,0,2026-07-09 13:27:17.006188+00,,,,f,,
faabbf32-8e99-47f5-a4c4-7ba02371ea65,b2894e7c-e2ce-4d75-9605-38d723c862cd,37-0beb1c91e04d,"{""tr"": ""Çatalzeytin""}",t,0,2026-07-09 13:27:17.006188+00,,,,f,,
01fadadf-c6db-41a0-ae58-03673cf650f7,b2894e7c-e2ce-4d75-9605-38d723c862cd,37-d104be620443,"{""tr"": ""Daday""}",t,0,2026-07-09 13:27:17.006188+00,,,,f,,
ce40ec15-c35d-4eb6-abea-47fc99272550,b2894e7c-e2ce-4d75-9605-38d723c862cd,37-286510ec8154,"{""tr"": ""Devrekani""}",t,0,2026-07-09 13:27:17.006188+00,,,,f,,
445e5662-3a9d-476f-bdf9-5874debe5ef1,b2894e7c-e2ce-4d75-9605-38d723c862cd,37-ef79f0e05798,"{""tr"": ""Doğanyurt""}",t,0,2026-07-09 13:27:17.006188+00,,,,f,,
724b3cf7-7cff-43b4-b234-167926da9150,b2894e7c-e2ce-4d75-9605-38d723c862cd,37-eabb741fd77c,"{""tr"": ""Hanönü""}",t,0,2026-07-09 13:27:17.006188+00,,,,f,,
0f84c551-fe92-4ffb-9a25-52df9f82793b,b2894e7c-e2ce-4d75-9605-38d723c862cd,37-7ed2899b6705,"{""tr"": ""İhsangazi""}",t,0,2026-07-09 13:27:17.006188+00,,,,f,,
f1b2b5db-62ab-428f-ae2a-e4a986a2337e,b2894e7c-e2ce-4d75-9605-38d723c862cd,37-6aaf8b1ec885,"{""tr"": ""İnebolu""}",t,0,2026-07-09 13:27:17.006188+00,,,,f,,
53cc1774-f27f-405d-891c-52ef9986a4fa,b2894e7c-e2ce-4d75-9605-38d723c862cd,37-1103c4bec35c,"{""tr"": ""Küre""}",t,0,2026-07-09 13:27:17.006188+00,,,,f,,
539d6016-cd43-4b14-8c06-ea71fdb55ccc,b2894e7c-e2ce-4d75-9605-38d723c862cd,37-29e5ac3c22f3,"{""tr"": ""Merkez""}",t,0,2026-07-09 13:27:17.006188+00,,,,f,,
c07d7188-0fb7-4dc5-9c66-d98c790c1c41,b2894e7c-e2ce-4d75-9605-38d723c862cd,37-9f9f9cc944fe,"{""tr"": ""Pınarbaşı""}",t,0,2026-07-09 13:27:17.006188+00,,,,f,,
65ed4b27-6cbc-4cb2-9202-d0ed8b1cdc93,b2894e7c-e2ce-4d75-9605-38d723c862cd,37-580a3b789bba,"{""tr"": ""Seydiler""}",t,0,2026-07-09 13:27:17.006188+00,,,,f,,
d0fb0123-10fc-4ce8-9bd9-b0e51bee9aeb,b2894e7c-e2ce-4d75-9605-38d723c862cd,37-405a021aef70,"{""tr"": ""Şenpazar""}",t,0,2026-07-09 13:27:17.006188+00,,,,f,,
1f1e857c-a5f5-45ba-ab18-90c1bf6ca012,b2894e7c-e2ce-4d75-9605-38d723c862cd,37-b2b3f8c05512,"{""tr"": ""Taşköprü""}",t,0,2026-07-09 13:27:17.006188+00,,,,f,,
27edd695-eae3-4850-aad8-a00be6a9016d,b2894e7c-e2ce-4d75-9605-38d723c862cd,37-b40a4cf9721c,"{""tr"": ""Tosya""}",t,0,2026-07-09 13:27:17.006188+00,,,,f,,
9418d5dc-56b7-4626-88c8-fd29dc000b70,c7fc60ac-8edd-43d4-a3d7-70e47b0591e7,38-45fab5d56e79,"{""tr"": ""Akkışla""}",t,0,2026-07-09 13:27:17.006188+00,,,,f,,
ff67a63f-529a-4765-84a1-8ae9375f2db1,c7fc60ac-8edd-43d4-a3d7-70e47b0591e7,38-287746b27e62,"{""tr"": ""Bünyan""}",t,0,2026-07-09 13:27:17.006188+00,,,,f,,
bb921bb8-0646-4283-88c4-0931a7239c0f,c7fc60ac-8edd-43d4-a3d7-70e47b0591e7,38-68663ac4d6a0,"{""tr"": ""Develi""}",t,0,2026-07-09 13:27:17.006188+00,,,,f,,
735c0a25-a8a1-4c8b-a2fd-f8a2f0bde737,c7fc60ac-8edd-43d4-a3d7-70e47b0591e7,38-b69d51590387,"{""tr"": ""Felahiye""}",t,0,2026-07-09 13:27:17.006188+00,,,,f,,
342b4984-41b2-4edd-9086-648818ac2a63,c7fc60ac-8edd-43d4-a3d7-70e47b0591e7,38-ff34647d5490,"{""tr"": ""Hacılar""}",t,0,2026-07-09 13:27:17.006188+00,,,,f,,
7c021c32-1c58-41bd-8323-7d59f972f02f,c7fc60ac-8edd-43d4-a3d7-70e47b0591e7,38-9da1319fe9ba,"{""tr"": ""İncesu""}",t,0,2026-07-09 13:27:17.006188+00,,,,f,,
4887ecb6-01c7-408b-980a-1ef90b6f9062,c7fc60ac-8edd-43d4-a3d7-70e47b0591e7,38-13d16d6a741b,"{""tr"": ""Kocasinan""}",t,0,2026-07-09 13:27:17.006188+00,,,,f,,
70de7e48-6a84-44ca-aad3-9baa3330decc,c7fc60ac-8edd-43d4-a3d7-70e47b0591e7,38-c5bd92d8f630,"{""tr"": ""Melikgazi""}",t,0,2026-07-09 13:27:17.006188+00,,,,f,,
c665b37e-1a96-4554-b8a1-9229a84545e5,c7fc60ac-8edd-43d4-a3d7-70e47b0591e7,38-0e2a13abe34c,"{""tr"": ""Özvatan""}",t,0,2026-07-09 13:27:17.006188+00,,,,f,,
356c0ce2-67ee-4515-a837-3c720c2802f8,c7fc60ac-8edd-43d4-a3d7-70e47b0591e7,38-9f9f9cc944fe,"{""tr"": ""Pınarbaşı""}",t,0,2026-07-09 13:27:17.006188+00,,,,f,,
4e26ac48-91e8-4b19-964b-50f271fe03e1,c7fc60ac-8edd-43d4-a3d7-70e47b0591e7,38-996f7d46700c,"{""tr"": ""Sarıoğlan""}",t,0,2026-07-09 13:27:17.006188+00,,,,f,,
8ede2ed1-375c-4289-a6fb-538ea4b22daf,c7fc60ac-8edd-43d4-a3d7-70e47b0591e7,38-af82273c3821,"{""tr"": ""Sarız""}",t,0,2026-07-09 13:27:17.006188+00,,,,f,,
d6abfcaf-3b8b-4119-a146-b7db9afdbfc8,c7fc60ac-8edd-43d4-a3d7-70e47b0591e7,38-c8b8daf22426,"{""tr"": ""Talas""}",t,0,2026-07-09 13:27:17.006188+00,,,,f,,
702c2fd5-e69a-492c-9b67-2a974898bc70,c7fc60ac-8edd-43d4-a3d7-70e47b0591e7,38-a944be141ae0,"{""tr"": ""Tomarza""}",t,0,2026-07-09 13:27:17.006188+00,,,,f,,
d9f041b3-8568-4ea4-860f-cb46176d315b,c7fc60ac-8edd-43d4-a3d7-70e47b0591e7,38-ae5e5d419230,"{""tr"": ""Yahyalı""}",t,0,2026-07-09 13:27:17.006188+00,,,,f,,
cd235eeb-2911-4974-9091-0a1a25d81f71,c7fc60ac-8edd-43d4-a3d7-70e47b0591e7,38-80102e1f0bcb,"{""tr"": ""Yeşilhisar""}",t,0,2026-07-09 13:27:17.006188+00,,,,f,,
2e198843-baae-418f-8521-755897159d1f,6402c2af-d3ef-4c3e-82d8-19e4c5bdd1b5,71-51467422c481,"{""tr"": ""Bahşılı""}",t,0,2026-07-09 13:27:17.006188+00,,,,f,,
0ab619bd-898e-4a5f-bdd4-03ed7426f616,6402c2af-d3ef-4c3e-82d8-19e4c5bdd1b5,71-52b3dc6bcef1,"{""tr"": ""Balışeyh""}",t,0,2026-07-09 13:27:17.006188+00,,,,f,,
8083d88d-83be-4d09-9b8f-c3a62c8cde07,6402c2af-d3ef-4c3e-82d8-19e4c5bdd1b5,71-111371768552,"{""tr"": ""Çelebi""}",t,0,2026-07-09 13:27:17.006188+00,,,,f,,
b1a52e10-1851-46ee-9f95-4a3bf30bbc64,6402c2af-d3ef-4c3e-82d8-19e4c5bdd1b5,71-55dc4bbacf80,"{""tr"": ""Delice""}",t,0,2026-07-09 13:27:17.006188+00,,,,f,,
32e81de5-80a3-4b16-bb56-ff06f53ce54a,6402c2af-d3ef-4c3e-82d8-19e4c5bdd1b5,71-0c012e63f1ba,"{""tr"": ""Karakeçili""}",t,0,2026-07-09 13:27:17.006188+00,,,,f,,
91400dd4-1593-4f23-af4e-a310fd5b8d10,6402c2af-d3ef-4c3e-82d8-19e4c5bdd1b5,71-51f3f06ba165,"{""tr"": ""Keskin""}",t,0,2026-07-09 13:27:17.006188+00,,,,f,,
f1f40676-fd9b-4b1f-90a5-2e4f335b129e,6402c2af-d3ef-4c3e-82d8-19e4c5bdd1b5,71-29e5ac3c22f3,"{""tr"": ""Merkez""}",t,0,2026-07-09 13:27:17.006188+00,,,,f,,
a4a16f4c-bdc0-4734-a843-62d24d64d30f,6402c2af-d3ef-4c3e-82d8-19e4c5bdd1b5,71-307ab188c98a,"{""tr"": ""Sulakyurt""}",t,0,2026-07-09 13:27:17.006188+00,,,,f,,
27f13c67-6443-4820-bd3e-4227adb404fa,6402c2af-d3ef-4c3e-82d8-19e4c5bdd1b5,71-d95985eff0bb,"{""tr"": ""Yahşihan""}",t,0,2026-07-09 13:27:17.006188+00,,,,f,,
c4720718-9c2c-4fc7-b085-1bf0961f8d00,13f9e540-83ee-418d-a257-223f9d82ec1d,39-0145e009eb96,"{""tr"": ""Babaeski""}",t,0,2026-07-09 13:27:17.006188+00,,,,f,,
baf9aec8-313a-410b-8aa0-2436ad91bb16,13f9e540-83ee-418d-a257-223f9d82ec1d,39-552cbc5ef586,"{""tr"": ""Demirköy""}",t,0,2026-07-09 13:27:17.006188+00,,,,f,,
c0e3dd57-e238-4c57-89c3-0998cd6d4ce9,13f9e540-83ee-418d-a257-223f9d82ec1d,39-832fa31e1171,"{""tr"": ""Kofçaz""}",t,0,2026-07-09 13:27:17.006188+00,,,,f,,
972f6b16-ba03-4702-ad19-d2e88b762ce3,13f9e540-83ee-418d-a257-223f9d82ec1d,39-75c50056a192,"{""tr"": ""Lüleburgaz""}",t,0,2026-07-09 13:27:17.006188+00,,,,f,,
0a0afd80-c613-42f8-b8b9-aedaa21dd777,13f9e540-83ee-418d-a257-223f9d82ec1d,39-29e5ac3c22f3,"{""tr"": ""Merkez""}",t,0,2026-07-09 13:27:17.006188+00,,,,f,,
c14a94a8-f5d4-441e-986f-e17a418ac4e3,13f9e540-83ee-418d-a257-223f9d82ec1d,39-f26e32ea142d,"{""tr"": ""Pehlivanköy""}",t,0,2026-07-09 13:27:17.006188+00,,,,f,,
c9b8c433-1afe-4da4-b82a-7566c1989e7a,13f9e540-83ee-418d-a257-223f9d82ec1d,39-7e21c13ba10f,"{""tr"": ""Pınarhisar""}",t,0,2026-07-09 13:27:17.006188+00,,,,f,,
1b7dcd36-56a7-4f65-b752-1d3c918cc3c4,13f9e540-83ee-418d-a257-223f9d82ec1d,39-9379358dd49c,"{""tr"": ""Vize""}",t,0,2026-07-09 13:27:17.006188+00,,,,f,,
fcfab999-05f7-4d95-97b8-5e740374064e,117379f5-7a32-4a0e-b55f-8e725c00281b,40-6fd9c17193e4,"{""tr"": ""Akçakent""}",t,0,2026-07-09 13:27:17.006188+00,,,,f,,
ee2c0ef7-9bd5-45a6-a571-da4d1cf50934,117379f5-7a32-4a0e-b55f-8e725c00281b,40-d006082e78ef,"{""tr"": ""Akpınar""}",t,0,2026-07-09 13:27:17.006188+00,,,,f,,
4febfa42-85be-428a-943b-ffa1b6165066,117379f5-7a32-4a0e-b55f-8e725c00281b,40-5ebb6a602c52,"{""tr"": ""Boztepe""}",t,0,2026-07-09 13:27:17.006188+00,,,,f,,
05719d66-e01e-4a11-94a9-19f049adc208,117379f5-7a32-4a0e-b55f-8e725c00281b,40-711aa4684d9d,"{""tr"": ""Çiçekdağı""}",t,0,2026-07-09 13:27:17.006188+00,,,,f,,
0b2ae551-4ad2-4817-92bd-ce1a50fd5128,117379f5-7a32-4a0e-b55f-8e725c00281b,40-ec66b9ef445c,"{""tr"": ""Kaman""}",t,0,2026-07-09 13:27:17.006188+00,,,,f,,
3eb24611-ec02-44e0-ad89-89ac493c9c58,117379f5-7a32-4a0e-b55f-8e725c00281b,40-29e5ac3c22f3,"{""tr"": ""Merkez""}",t,0,2026-07-09 13:27:17.006188+00,,,,f,,
8d47d01f-33ec-401c-8f70-2718ac3f2e89,117379f5-7a32-4a0e-b55f-8e725c00281b,40-6da3086db67b,"{""tr"": ""Mucur""}",t,0,2026-07-09 13:27:17.006188+00,,,,f,,
651486ee-bf5e-4bc3-8e02-f6eac961e67f,8689a74e-9e94-4b65-b8b0-60a83a8caf7b,79-15ec2d0ed90c,"{""tr"": ""Elbeyli""}",t,0,2026-07-09 13:27:17.006188+00,,,,f,,
db925182-53e4-4ca3-8578-853f94b79800,8689a74e-9e94-4b65-b8b0-60a83a8caf7b,79-29e5ac3c22f3,"{""tr"": ""Merkez""}",t,0,2026-07-09 13:27:17.006188+00,,,,f,,
40e43d46-4030-4cfd-b76f-4de679024513,8689a74e-9e94-4b65-b8b0-60a83a8caf7b,79-ca35cd45ccd9,"{""tr"": ""Musabeyli""}",t,0,2026-07-09 13:27:17.006188+00,,,,f,,
8d166211-3c46-4f1c-8c2d-8d2ada1bba0c,8689a74e-9e94-4b65-b8b0-60a83a8caf7b,79-d34b81c65e16,"{""tr"": ""Polateli""}",t,0,2026-07-09 13:27:17.006188+00,,,,f,,
e5c7f6a9-8bcf-488a-87d1-f7a1b328cc3a,3407a43c-e900-4cd7-aab3-811a229e7178,41-80b695114079,"{""tr"": ""Başiskele""}",t,0,2026-07-09 13:27:17.006188+00,,,,f,,
b889c15d-efdc-4769-b92c-6667affe1533,3407a43c-e900-4cd7-aab3-811a229e7178,41-0b9426807e66,"{""tr"": ""Çayırova""}",t,0,2026-07-09 13:27:17.006188+00,,,,f,,
0cded4ee-2da8-474d-88b4-756ed3fb56a4,3407a43c-e900-4cd7-aab3-811a229e7178,41-632fa6a94f97,"{""tr"": ""Darıca""}",t,0,2026-07-09 13:27:17.006188+00,,,,f,,
4d0d4c94-6282-4c40-9d98-d425e162415e,3407a43c-e900-4cd7-aab3-811a229e7178,41-421dd5dae54a,"{""tr"": ""Derince""}",t,0,2026-07-09 13:27:17.006188+00,,,,f,,
98c4c58e-fdc4-4899-8612-8b228f9287df,3407a43c-e900-4cd7-aab3-811a229e7178,41-5219ce3cccf9,"{""tr"": ""Dilovası""}",t,0,2026-07-09 13:27:17.006188+00,,,,f,,
24d4414e-19eb-4a26-bb72-c3afbee270ed,3407a43c-e900-4cd7-aab3-811a229e7178,41-989de24b3ff8,"{""tr"": ""Gebze""}",t,0,2026-07-09 13:27:17.006188+00,,,,f,,
73c8c16d-5cdf-4d62-824d-ebefde6e42d0,3407a43c-e900-4cd7-aab3-811a229e7178,41-2d4660838457,"{""tr"": ""Gölcük""}",t,0,2026-07-09 13:27:17.006188+00,,,,f,,
fa6312e4-60d2-4103-a9e1-6bc5ac3b1071,3407a43c-e900-4cd7-aab3-811a229e7178,41-daae88971a78,"{""tr"": ""İzmit""}",t,0,2026-07-09 13:27:17.006188+00,,,,f,,
65bf3e37-8b4e-4d82-bc0c-5c435f52978a,3407a43c-e900-4cd7-aab3-811a229e7178,41-9aa601e66bbd,"{""tr"": ""Kandıra""}",t,0,2026-07-09 13:27:17.006188+00,,,,f,,
e3844f10-f5fc-4f52-b611-a04a537a5f1d,3407a43c-e900-4cd7-aab3-811a229e7178,41-56bfdceeb1b3,"{""tr"": ""Karamürsel""}",t,0,2026-07-09 13:27:17.006188+00,,,,f,,
cd8a8e23-b321-4982-9e06-8e4912ff7c55,3407a43c-e900-4cd7-aab3-811a229e7178,41-3a83023095dd,"{""tr"": ""Kartepe""}",t,0,2026-07-09 13:27:17.006188+00,,,,f,,
b5cde35d-1538-4ee4-98c3-1af2cb018042,3407a43c-e900-4cd7-aab3-811a229e7178,41-17a18c7e7022,"{""tr"": ""Körfez""}",t,0,2026-07-09 13:27:17.006188+00,,,,f,,
720b5347-f31d-4fba-ae16-731e8e322c76,93b8e03e-e62d-4cd6-8528-3818b2ff4cac,42-08bec9d0d304,"{""tr"": ""Ahırlı""}",t,0,2026-07-09 13:27:17.006188+00,,,,f,,
1646179d-37ca-4f88-85cc-e4705cce9c1b,93b8e03e-e62d-4cd6-8528-3818b2ff4cac,42-cb8f8b9246a4,"{""tr"": ""Akören""}",t,0,2026-07-09 13:27:17.006188+00,,,,f,,
50403907-0d38-4ca1-a240-6d61169a47ec,93b8e03e-e62d-4cd6-8528-3818b2ff4cac,42-419f60135b48,"{""tr"": ""Akşehir""}",t,0,2026-07-09 13:27:17.006188+00,,,,f,,
fd644017-3a7e-4c56-8b73-1e5f9bc0824b,93b8e03e-e62d-4cd6-8528-3818b2ff4cac,42-00664f188072,"{""tr"": ""Altınekin""}",t,0,2026-07-09 13:27:17.006188+00,,,,f,,
32bfa953-1c41-4ab4-b1cb-258c64f5655f,93b8e03e-e62d-4cd6-8528-3818b2ff4cac,42-d463b0cf869e,"{""tr"": ""Beyşehir""}",t,0,2026-07-09 13:27:17.006188+00,,,,f,,
6310f306-fa84-4b34-9883-7581d9323993,93b8e03e-e62d-4cd6-8528-3818b2ff4cac,42-0f8eec2fc8d8,"{""tr"": ""Bozkır""}",t,0,2026-07-09 13:27:17.006188+00,,,,f,,
8d7ffadf-448b-433c-acdc-7ef70fda36d8,93b8e03e-e62d-4cd6-8528-3818b2ff4cac,42-8b9d177d019c,"{""tr"": ""Cihanbeyli""}",t,0,2026-07-09 13:27:17.006188+00,,,,f,,
d09aab21-6b6a-4857-a99f-cbe9b7295ef6,93b8e03e-e62d-4cd6-8528-3818b2ff4cac,42-37d14d747419,"{""tr"": ""Çeltik""}",t,0,2026-07-09 13:27:17.006188+00,,,,f,,
a3298fdb-f4f6-4254-8390-99d139e57768,93b8e03e-e62d-4cd6-8528-3818b2ff4cac,42-3391cf6e560e,"{""tr"": ""Çumra""}",t,0,2026-07-09 13:27:17.006188+00,,,,f,,
4772c003-392c-4bea-b0c4-d0b1f2e507d7,93b8e03e-e62d-4cd6-8528-3818b2ff4cac,42-20f5ab05b82d,"{""tr"": ""Derbent""}",t,0,2026-07-09 13:27:17.006188+00,,,,f,,
8ded251f-9ad9-4b31-924d-dd7c50ada259,93b8e03e-e62d-4cd6-8528-3818b2ff4cac,42-64979d1d81a6,"{""tr"": ""Derebucak""}",t,0,2026-07-09 13:27:17.006188+00,,,,f,,
b71d72de-42f6-4eff-a705-d32a8dba6d84,93b8e03e-e62d-4cd6-8528-3818b2ff4cac,42-82172a0e4fa7,"{""tr"": ""Doğanhisar""}",t,0,2026-07-09 13:27:17.006188+00,,,,f,,
e6acefcd-604e-49c8-be5a-3d8ee5c71f7f,93b8e03e-e62d-4cd6-8528-3818b2ff4cac,42-179eb41e8073,"{""tr"": ""Emirgazi""}",t,0,2026-07-09 13:27:17.006188+00,,,,f,,
bb46dccc-54a0-4e6c-b541-4bb52a41c100,93b8e03e-e62d-4cd6-8528-3818b2ff4cac,42-a4570cef18dc,"{""tr"": ""Ereğli""}",t,0,2026-07-09 13:27:17.006188+00,,,,f,,
9a0f72e8-f253-49f1-bd5c-6c1f897bb85f,93b8e03e-e62d-4cd6-8528-3818b2ff4cac,42-8202d08dafed,"{""tr"": ""Güneysınır""}",t,0,2026-07-09 13:27:17.006188+00,,,,f,,
9bba179a-5e08-46bc-a498-69f990601632,93b8e03e-e62d-4cd6-8528-3818b2ff4cac,42-f2710d41ef6a,"{""tr"": ""Hadim""}",t,0,2026-07-09 13:27:17.006188+00,,,,f,,
a990b5ec-bb45-4f29-8564-87032ae58de8,93b8e03e-e62d-4cd6-8528-3818b2ff4cac,42-827e230c209d,"{""tr"": ""Halkapınar""}",t,0,2026-07-09 13:27:17.006188+00,,,,f,,
6db273f9-376b-4f93-884d-f6d7d0638b25,93b8e03e-e62d-4cd6-8528-3818b2ff4cac,42-9253692695e6,"{""tr"": ""Hüyük""}",t,0,2026-07-09 13:27:17.006188+00,,,,f,,
061e7cbc-d1ea-4551-bd30-99c0dfe18427,93b8e03e-e62d-4cd6-8528-3818b2ff4cac,42-b98dfc7e1ee7,"{""tr"": ""Ilgın""}",t,0,2026-07-09 13:27:17.006188+00,,,,f,,
4244c050-fede-43de-bfe1-abe6c2c4895f,93b8e03e-e62d-4cd6-8528-3818b2ff4cac,42-e2eb8cd8b88f,"{""tr"": ""Kadınhanı""}",t,0,2026-07-09 13:27:17.006188+00,,,,f,,
d358fca9-40cb-46ca-8eaf-d897163e5b3c,93b8e03e-e62d-4cd6-8528-3818b2ff4cac,42-427ac951c37c,"{""tr"": ""Karapınar""}",t,0,2026-07-09 13:27:17.006188+00,,,,f,,
7e5427e3-754b-4c26-8584-71b6605bc9e0,93b8e03e-e62d-4cd6-8528-3818b2ff4cac,42-e2653f5ba196,"{""tr"": ""Karatay""}",t,0,2026-07-09 13:27:17.006188+00,,,,f,,
a8445189-cdb5-41ad-af62-a378c5578dca,93b8e03e-e62d-4cd6-8528-3818b2ff4cac,42-67b2c2032b6f,"{""tr"": ""Kulu""}",t,0,2026-07-09 13:27:17.006188+00,,,,f,,
39220ce1-127f-4fd2-a67c-87aa89559daa,93b8e03e-e62d-4cd6-8528-3818b2ff4cac,42-ff7d402b0072,"{""tr"": ""Meram""}",t,0,2026-07-09 13:27:17.006188+00,,,,f,,
b93b0ab6-0ec4-4877-bdd4-6a05658aa4fe,93b8e03e-e62d-4cd6-8528-3818b2ff4cac,42-32e3d0ccf9f1,"{""tr"": ""Sarayönü""}",t,0,2026-07-09 13:27:17.006188+00,,,,f,,
2186d501-e8e3-41d3-9f67-3674f8e0652f,93b8e03e-e62d-4cd6-8528-3818b2ff4cac,42-64e930a93ada,"{""tr"": ""Selçuklu""}",t,0,2026-07-09 13:27:17.006188+00,,,,f,,
a1345bbe-d68d-4284-8ce8-c928e2e62dac,93b8e03e-e62d-4cd6-8528-3818b2ff4cac,42-5cc2788c332c,"{""tr"": ""Seydişehir""}",t,0,2026-07-09 13:27:17.006188+00,,,,f,,
4a7f9191-ba34-437d-a91f-0a05228f8e64,93b8e03e-e62d-4cd6-8528-3818b2ff4cac,42-dbd7948b3a40,"{""tr"": ""Taşkent""}",t,0,2026-07-09 13:27:17.006188+00,,,,f,,
2a052135-a422-4ab8-9f43-0cbafe3aef56,93b8e03e-e62d-4cd6-8528-3818b2ff4cac,42-f64dea6b441f,"{""tr"": ""Tuzlukçu""}",t,0,2026-07-09 13:27:17.006188+00,,,,f,,
a9a5c589-c524-4eb1-8ea1-8154e4cd6cbd,93b8e03e-e62d-4cd6-8528-3818b2ff4cac,42-e0f3cfca8aae,"{""tr"": ""Yalıhüyük""}",t,0,2026-07-09 13:27:17.006188+00,,,,f,,
f5a6dda2-80a4-47e4-b736-544789710404,93b8e03e-e62d-4cd6-8528-3818b2ff4cac,42-1625d7223087,"{""tr"": ""Yunak""}",t,0,2026-07-09 13:27:17.006188+00,,,,f,,
a4b5b3c0-80cf-4de9-b16e-aeb285ee53bf,ea00d2b3-e8ca-4543-969b-72dc0dddb528,43-87ef105a7880,"{""tr"": ""Altıntaş""}",t,0,2026-07-09 13:27:17.006188+00,,,,f,,
97f2de80-6248-446f-9732-82aab82aa68b,ea00d2b3-e8ca-4543-969b-72dc0dddb528,43-3667b0614eaa,"{""tr"": ""Aslanapa""}",t,0,2026-07-09 13:27:17.006188+00,,,,f,,
b63d16ac-3f9c-47a9-a256-479c39559377,ea00d2b3-e8ca-4543-969b-72dc0dddb528,43-9154ffc6ad93,"{""tr"": ""Çavdarhisar""}",t,0,2026-07-09 13:27:17.006188+00,,,,f,,
d3fd4d8c-dd5e-46a1-959b-8be96c17bc9f,ea00d2b3-e8ca-4543-969b-72dc0dddb528,43-253bc6e08bd6,"{""tr"": ""Domaniç""}",t,0,2026-07-09 13:27:17.006188+00,,,,f,,
929f3592-8dfe-46e1-82ca-67e1906b60db,ea00d2b3-e8ca-4543-969b-72dc0dddb528,43-87ca48c75e3d,"{""tr"": ""Dumlupınar""}",t,0,2026-07-09 13:27:17.006188+00,,,,f,,
69b96b39-62c9-47f3-a279-b88a2237e341,ea00d2b3-e8ca-4543-969b-72dc0dddb528,43-750057b64136,"{""tr"": ""Emet""}",t,0,2026-07-09 13:27:17.006188+00,,,,f,,
567e337e-04a6-40a2-b854-b54f3d30fba6,ea00d2b3-e8ca-4543-969b-72dc0dddb528,43-73825398fe30,"{""tr"": ""Gediz""}",t,0,2026-07-09 13:27:17.006188+00,,,,f,,
657ca9bb-d3fa-484b-ae56-8a9a0ef34dd5,ea00d2b3-e8ca-4543-969b-72dc0dddb528,43-2059c4fc37f7,"{""tr"": ""Hisarcık""}",t,0,2026-07-09 13:27:17.006188+00,,,,f,,
56c8fa11-b146-4c3a-9f09-54ab066da074,ea00d2b3-e8ca-4543-969b-72dc0dddb528,43-29e5ac3c22f3,"{""tr"": ""Merkez""}",t,0,2026-07-09 13:27:17.006188+00,,,,f,,
311e1cff-3ece-4107-a1cd-900dad458651,ea00d2b3-e8ca-4543-969b-72dc0dddb528,43-c1b4a5056adf,"{""tr"": ""Pazarlar""}",t,0,2026-07-09 13:27:17.006188+00,,,,f,,
64a2943b-a763-42dc-90d4-91c419762044,ea00d2b3-e8ca-4543-969b-72dc0dddb528,43-74f982b9fdaa,"{""tr"": ""Simav""}",t,0,2026-07-09 13:27:17.006188+00,,,,f,,
e565bfbe-7bef-4395-875c-b96de02bd4fb,ea00d2b3-e8ca-4543-969b-72dc0dddb528,43-eadfe9d410b1,"{""tr"": ""Şaphane""}",t,0,2026-07-09 13:27:17.006188+00,,,,f,,
6ce8489c-651c-4bff-8856-3dbb53915379,ea00d2b3-e8ca-4543-969b-72dc0dddb528,43-f94b542bc2ca,"{""tr"": ""Tavşanlı""}",t,0,2026-07-09 13:27:17.006188+00,,,,f,,
c03acbb9-8512-453c-ae01-ca60a0a56684,74ea49d9-c915-4f66-84c5-b1a856df6dd0,44-fd62d224d37a,"{""tr"": ""Akçadağ""}",t,0,2026-07-09 13:27:17.006188+00,,,,f,,
2818eda7-beff-49e8-8649-8b3d121656bb,74ea49d9-c915-4f66-84c5-b1a856df6dd0,44-ecd79aa683f9,"{""tr"": ""Arapgir""}",t,0,2026-07-09 13:27:17.006188+00,,,,f,,
ea5875e8-d16e-423d-acc2-efeaaff7256a,74ea49d9-c915-4f66-84c5-b1a856df6dd0,44-32f5d11e6cb3,"{""tr"": ""Arguvan""}",t,0,2026-07-09 13:27:17.006188+00,,,,f,,
76ef6318-60ea-4437-b1dd-aa922745b6ad,74ea49d9-c915-4f66-84c5-b1a856df6dd0,44-051ca448f849,"{""tr"": ""Battalgazi""}",t,0,2026-07-09 13:27:17.006188+00,,,,f,,
25ef2611-200c-4c51-95e3-b12ac697d090,74ea49d9-c915-4f66-84c5-b1a856df6dd0,44-2fc5a404a4ff,"{""tr"": ""Darende""}",t,0,2026-07-09 13:27:17.006188+00,,,,f,,
e26daf66-f43c-44dd-85dc-aa113e61feda,74ea49d9-c915-4f66-84c5-b1a856df6dd0,44-7b16d5e75591,"{""tr"": ""Doğanşehir""}",t,0,2026-07-09 13:27:17.006188+00,,,,f,,
86063766-1de5-4a0e-831a-9703896320b2,74ea49d9-c915-4f66-84c5-b1a856df6dd0,44-7df822c1f776,"{""tr"": ""Doğanyol""}",t,0,2026-07-09 13:27:17.006188+00,,,,f,,
ce76650f-fb18-463a-8b2c-d3ee1e938fa0,74ea49d9-c915-4f66-84c5-b1a856df6dd0,44-4fa140ef1c8e,"{""tr"": ""Hekimhan""}",t,0,2026-07-09 13:27:17.006188+00,,,,f,,
e3294527-af31-4600-a57a-afa4641639ae,74ea49d9-c915-4f66-84c5-b1a856df6dd0,44-dfc554a8e769,"{""tr"": ""Kale""}",t,0,2026-07-09 13:27:17.006188+00,,,,f,,
78425079-f36f-4558-a5bb-7f7608a62cd5,74ea49d9-c915-4f66-84c5-b1a856df6dd0,44-4e22defd33ec,"{""tr"": ""Kuluncak""}",t,0,2026-07-09 13:27:17.006188+00,,,,f,,
363a0aa6-3c2d-4973-8bf6-40cff621ebd9,74ea49d9-c915-4f66-84c5-b1a856df6dd0,44-0a25a746275f,"{""tr"": ""Pütürge""}",t,0,2026-07-09 13:27:17.006188+00,,,,f,,
04aafd6f-5322-48c0-8331-f25c3d6194e4,74ea49d9-c915-4f66-84c5-b1a856df6dd0,44-72c29e934284,"{""tr"": ""Yazıhan""}",t,0,2026-07-09 13:27:17.006188+00,,,,f,,
01b633ce-2c51-4079-9122-0c0ec4f60347,74ea49d9-c915-4f66-84c5-b1a856df6dd0,44-f5f63933483a,"{""tr"": ""Yeşilyurt""}",t,0,2026-07-09 13:27:17.006188+00,,,,f,,
326c59bd-7254-4593-bb0d-9f00b3d76db1,59f2296c-4eb2-4df9-8f10-5a08f5181fc0,45-c1f10933c980,"{""tr"": ""Ahmetli""}",t,0,2026-07-09 13:27:17.006188+00,,,,f,,
bc7d6ac2-7336-49a4-8cb2-2cc8a3950a70,59f2296c-4eb2-4df9-8f10-5a08f5181fc0,45-ee93f19a1422,"{""tr"": ""Akhisar""}",t,0,2026-07-09 13:27:17.006188+00,,,,f,,
5c8979f4-11d5-4210-9b2c-0ef4613acaf0,59f2296c-4eb2-4df9-8f10-5a08f5181fc0,45-493d13d4bcc6,"{""tr"": ""Alaşehir""}",t,0,2026-07-09 13:27:17.006188+00,,,,f,,
c1dc65d2-2ece-409d-a637-34c18ff576da,59f2296c-4eb2-4df9-8f10-5a08f5181fc0,45-7f6b995cc3a2,"{""tr"": ""Demirci""}",t,0,2026-07-09 13:27:17.006188+00,,,,f,,
d4557583-4665-4e1f-a56e-fca1902d88fb,59f2296c-4eb2-4df9-8f10-5a08f5181fc0,45-6693e8ee8cf8,"{""tr"": ""Gölmarmara""}",t,0,2026-07-09 13:27:17.006188+00,,,,f,,
e8d70e53-ce93-4865-bed7-5b028961fe37,59f2296c-4eb2-4df9-8f10-5a08f5181fc0,45-d56db84e4c61,"{""tr"": ""Gördes""}",t,0,2026-07-09 13:27:17.006188+00,,,,f,,
957469bc-6c42-431f-8d06-192d3662f088,59f2296c-4eb2-4df9-8f10-5a08f5181fc0,45-7b619c9aa575,"{""tr"": ""Kırkağaç""}",t,0,2026-07-09 13:27:17.006188+00,,,,f,,
285d1eb8-3caa-4386-b2d4-e846528f3621,59f2296c-4eb2-4df9-8f10-5a08f5181fc0,45-e863c115d22d,"{""tr"": ""Köprübaşı""}",t,0,2026-07-09 13:27:17.006188+00,,,,f,,
cd9cc1d7-ec55-4d9a-99c3-492ccce1bf0c,59f2296c-4eb2-4df9-8f10-5a08f5181fc0,45-e7ab46dd1a11,"{""tr"": ""Kula""}",t,0,2026-07-09 13:27:17.006188+00,,,,f,,
a160d921-e7ba-4547-a4fe-e150391edb32,59f2296c-4eb2-4df9-8f10-5a08f5181fc0,45-82766a10aa9d,"{""tr"": ""Salihli""}",t,0,2026-07-09 13:27:17.006188+00,,,,f,,
1571f058-7df5-48bc-a8cd-c57b47f28183,59f2296c-4eb2-4df9-8f10-5a08f5181fc0,45-0923c7fbd5f7,"{""tr"": ""Sarıgöl""}",t,0,2026-07-09 13:27:17.006188+00,,,,f,,
730e65d2-e747-4685-9a38-034c5d9edf49,59f2296c-4eb2-4df9-8f10-5a08f5181fc0,45-7a74faa05a57,"{""tr"": ""Saruhanlı""}",t,0,2026-07-09 13:27:17.006188+00,,,,f,,
5cb5b423-52be-416c-9890-17d56aa17413,59f2296c-4eb2-4df9-8f10-5a08f5181fc0,45-d4aefe762507,"{""tr"": ""Selendi""}",t,0,2026-07-09 13:27:17.006188+00,,,,f,,
17793e05-48fb-409f-8f1f-ed7fb91f8078,59f2296c-4eb2-4df9-8f10-5a08f5181fc0,45-06bf2406b68b,"{""tr"": ""Soma""}",t,0,2026-07-09 13:27:17.006188+00,,,,f,,
27ab0a09-efb2-456e-bad8-5d6e47a9f328,59f2296c-4eb2-4df9-8f10-5a08f5181fc0,45-25f6595da1f5,"{""tr"": ""Şehzadeler""}",t,0,2026-07-09 13:27:17.006188+00,,,,f,,
8ca8a8b2-df34-481e-991a-66a10ccea50e,59f2296c-4eb2-4df9-8f10-5a08f5181fc0,45-485e0d179dcb,"{""tr"": ""Turgutlu""}",t,0,2026-07-09 13:27:17.006188+00,,,,f,,
bb9a71b2-e52d-4693-9a87-2702be49fc93,59f2296c-4eb2-4df9-8f10-5a08f5181fc0,45-48a2e5aac696,"{""tr"": ""Yunusemre""}",t,0,2026-07-09 13:27:17.006188+00,,,,f,,
43b5ee5f-fd26-4d5c-a010-d95d99802e9d,a045e16c-7d14-4dc5-89d8-560d23d7e985,47-8f741b1ffadd,"{""tr"": ""Artuklu""}",t,0,2026-07-09 13:27:17.006188+00,,,,f,,
d83d8b50-60d4-48c0-8262-4ad65e35492d,a045e16c-7d14-4dc5-89d8-560d23d7e985,47-5699121933ca,"{""tr"": ""Dargeçit""}",t,0,2026-07-09 13:27:17.006188+00,,,,f,,
2025924a-c461-4baa-a42f-6f737c1f36e6,a045e16c-7d14-4dc5-89d8-560d23d7e985,47-bef2b041997b,"{""tr"": ""Derik""}",t,0,2026-07-09 13:27:17.006188+00,,,,f,,
deeb354c-a675-4e3f-886d-eadb337dbde7,a045e16c-7d14-4dc5-89d8-560d23d7e985,47-3539a11d1597,"{""tr"": ""Kızıltepe""}",t,0,2026-07-09 13:27:17.006188+00,,,,f,,
aa50016b-99b3-400c-b44a-429e546ee6d4,a045e16c-7d14-4dc5-89d8-560d23d7e985,47-158fa273087a,"{""tr"": ""Mazıdağı""}",t,0,2026-07-09 13:27:17.006188+00,,,,f,,
4c2056c5-762d-4b4a-aa5f-4101fe37919a,a045e16c-7d14-4dc5-89d8-560d23d7e985,47-7a5f94368a01,"{""tr"": ""Midyat""}",t,0,2026-07-09 13:27:17.006188+00,,,,f,,
b64e58be-507f-4ce6-b746-e65569bcfed9,a045e16c-7d14-4dc5-89d8-560d23d7e985,47-04178a9aa78e,"{""tr"": ""Nusaybin""}",t,0,2026-07-09 13:27:17.006188+00,,,,f,,
6da0d4d2-b0e0-414d-b28d-ba812ca01955,a045e16c-7d14-4dc5-89d8-560d23d7e985,47-1fc6475fe07d,"{""tr"": ""Ömerli""}",t,0,2026-07-09 13:27:17.006188+00,,,,f,,
909a6e3f-c06e-4345-809d-6dc0c849507e,a045e16c-7d14-4dc5-89d8-560d23d7e985,47-7ffae108f64f,"{""tr"": ""Savur""}",t,0,2026-07-09 13:27:17.006188+00,,,,f,,
44b0ee2d-5b67-49ce-abbb-4470f91f3b31,a045e16c-7d14-4dc5-89d8-560d23d7e985,47-529b237ab2af,"{""tr"": ""Yeşilli""}",t,0,2026-07-09 13:27:17.006188+00,,,,f,,
4581cff3-f982-4214-aa2b-4f8b263093c9,23e4b7d0-fd97-4d86-952b-3ca43b9e8fec,33-2a25c011da7a,"{""tr"": ""Akdeniz""}",t,0,2026-07-09 13:27:17.006188+00,,,,f,,
fe4a186a-4f06-490e-badc-bce07eb6f97a,23e4b7d0-fd97-4d86-952b-3ca43b9e8fec,33-00cf67235557,"{""tr"": ""Anamur""}",t,0,2026-07-09 13:27:17.006188+00,,,,f,,
f10e9594-1521-4e37-8acf-af4f0695bad9,23e4b7d0-fd97-4d86-952b-3ca43b9e8fec,33-40efa6409ee4,"{""tr"": ""Aydıncık""}",t,0,2026-07-09 13:27:17.006188+00,,,,f,,
3d348dae-5d54-402c-b8c6-131540e6f0be,23e4b7d0-fd97-4d86-952b-3ca43b9e8fec,33-1254bfbcc5d8,"{""tr"": ""Bozyazı""}",t,0,2026-07-09 13:27:17.006188+00,,,,f,,
5c160429-72a5-4236-817d-abbaa98361ac,23e4b7d0-fd97-4d86-952b-3ca43b9e8fec,33-c7b568aa9779,"{""tr"": ""Çamlıyayla""}",t,0,2026-07-09 13:27:17.006188+00,,,,f,,
953682e7-f741-4dbc-93f6-6b2590df44f8,23e4b7d0-fd97-4d86-952b-3ca43b9e8fec,33-aaaabfa69595,"{""tr"": ""Erdemli""}",t,0,2026-07-09 13:27:17.006188+00,,,,f,,
ba266c25-b41e-4eab-aee8-16609718db92,23e4b7d0-fd97-4d86-952b-3ca43b9e8fec,33-9d864c6e0be7,"{""tr"": ""Gülnar""}",t,0,2026-07-09 13:27:17.006188+00,,,,f,,
113570c1-f00f-4b2f-a63e-a17a9f8b0ba9,23e4b7d0-fd97-4d86-952b-3ca43b9e8fec,33-a0447548bebf,"{""tr"": ""Mezitli""}",t,0,2026-07-09 13:27:17.006188+00,,,,f,,
467450d6-f640-4d52-a1e5-51b953cdb256,23e4b7d0-fd97-4d86-952b-3ca43b9e8fec,33-ebb87a770aba,"{""tr"": ""Mut""}",t,0,2026-07-09 13:27:17.006188+00,,,,f,,
c7c852da-c684-4987-b3de-859236086f7f,23e4b7d0-fd97-4d86-952b-3ca43b9e8fec,33-4787db72a187,"{""tr"": ""Silifke""}",t,0,2026-07-09 13:27:17.006188+00,,,,f,,
c3c301fb-fad8-4aec-97f7-6841339b3fc7,23e4b7d0-fd97-4d86-952b-3ca43b9e8fec,33-592763647c4b,"{""tr"": ""Tarsus""}",t,0,2026-07-09 13:27:17.006188+00,,,,f,,
a39b4fab-ecde-42d8-8122-630130df0f18,23e4b7d0-fd97-4d86-952b-3ca43b9e8fec,33-5c56072c1da2,"{""tr"": ""Toroslar""}",t,0,2026-07-09 13:27:17.006188+00,,,,f,,
940f16d9-7f29-4393-8a29-5f052cc32b99,23e4b7d0-fd97-4d86-952b-3ca43b9e8fec,33-305a4673945e,"{""tr"": ""Yenişehir""}",t,0,2026-07-09 13:27:17.006188+00,,,,f,,
df59b5e1-1994-44e5-8f59-a22e06810e45,4df81dc7-d19e-4f72-ac3d-dfbd98f3a992,48-53537948ccf2,"{""tr"": ""Bodrum""}",t,0,2026-07-09 13:27:17.006188+00,,,,f,,
7f94a89e-8ace-43a3-b0b1-d261cb6f4e8f,4df81dc7-d19e-4f72-ac3d-dfbd98f3a992,48-f4687cc058e0,"{""tr"": ""Dalaman""}",t,0,2026-07-09 13:27:17.006188+00,,,,f,,
fa7dab2a-141b-4230-adf4-26914db21f5e,4df81dc7-d19e-4f72-ac3d-dfbd98f3a992,48-bba2953b76d0,"{""tr"": ""Datça""}",t,0,2026-07-09 13:27:17.006188+00,,,,f,,
e2968b12-29c6-488e-870b-90cfeb3865b5,4df81dc7-d19e-4f72-ac3d-dfbd98f3a992,48-329a43beb04a,"{""tr"": ""Fethiye""}",t,0,2026-07-09 13:27:17.006188+00,,,,f,,
145a219b-5ba9-4ba8-9492-16f82cb6ada3,4df81dc7-d19e-4f72-ac3d-dfbd98f3a992,48-f7a47072ba58,"{""tr"": ""Kavaklıdere""}",t,0,2026-07-09 13:27:17.006188+00,,,,f,,
a5b59fd8-81ec-4240-b7f2-35d57825c3af,4df81dc7-d19e-4f72-ac3d-dfbd98f3a992,48-ea2b2706ad76,"{""tr"": ""Köyceğiz""}",t,0,2026-07-09 13:27:17.006188+00,,,,f,,
306a5430-e532-469d-9202-5a2b8c487bb1,4df81dc7-d19e-4f72-ac3d-dfbd98f3a992,48-467b8080ff98,"{""tr"": ""Marmaris""}",t,0,2026-07-09 13:27:17.006188+00,,,,f,,
094cbbde-bf9c-48cf-8fa8-e0a479c789cc,4df81dc7-d19e-4f72-ac3d-dfbd98f3a992,48-2e77381d76e8,"{""tr"": ""Menteşe""}",t,0,2026-07-09 13:27:17.006188+00,,,,f,,
f230609d-fbcf-4102-b0ba-88a088b95585,4df81dc7-d19e-4f72-ac3d-dfbd98f3a992,48-7f23b987f21d,"{""tr"": ""Milas""}",t,0,2026-07-09 13:27:17.006188+00,,,,f,,
e8ba6892-f526-4380-9863-c015a4fc8ae7,4df81dc7-d19e-4f72-ac3d-dfbd98f3a992,48-78882194f5bd,"{""tr"": ""Ortaca""}",t,0,2026-07-09 13:27:17.006188+00,,,,f,,
d5d6e794-8060-4351-a96d-e5a33d755440,4df81dc7-d19e-4f72-ac3d-dfbd98f3a992,48-f41bc01f7ccd,"{""tr"": ""Seydikemer""}",t,0,2026-07-09 13:27:17.006188+00,,,,f,,
8bdee879-5c2a-4117-b9a0-b31eb0fae6c9,4df81dc7-d19e-4f72-ac3d-dfbd98f3a992,48-5765d06da2dd,"{""tr"": ""Ula""}",t,0,2026-07-09 13:27:17.006188+00,,,,f,,
ad540304-52c4-4bb2-853b-1b16e4444940,4df81dc7-d19e-4f72-ac3d-dfbd98f3a992,48-2fa7a97b9a5c,"{""tr"": ""Yatağan""}",t,0,2026-07-09 13:27:17.006188+00,,,,f,,
ce92330f-057d-496d-aaf5-d59cd79461a3,36156154-9335-4f38-8966-de053474db4c,49-4df7ed23c1ab,"{""tr"": ""Bulanık""}",t,0,2026-07-09 13:27:17.006188+00,,,,f,,
485572c6-afb9-42c5-a630-9e6516fcbdf8,36156154-9335-4f38-8966-de053474db4c,49-062e8de0eb3d,"{""tr"": ""Hasköy""}",t,0,2026-07-09 13:27:17.006188+00,,,,f,,
40851a1d-f0e4-4f75-b2aa-4dd917e85c1c,36156154-9335-4f38-8966-de053474db4c,49-5167bb6406c9,"{""tr"": ""Korkut""}",t,0,2026-07-09 13:27:17.006188+00,,,,f,,
7fa88260-95ad-4244-84cc-ce42030551f9,36156154-9335-4f38-8966-de053474db4c,49-c6ff4ca7788a,"{""tr"": ""Malazgirt""}",t,0,2026-07-09 13:27:17.006188+00,,,,f,,
35bc3cda-f512-4f10-9f65-de2f3ab3107c,36156154-9335-4f38-8966-de053474db4c,49-29e5ac3c22f3,"{""tr"": ""Merkez""}",t,0,2026-07-09 13:27:17.006188+00,,,,f,,
63f9be7c-bf6b-4199-beea-5d3c5b634295,36156154-9335-4f38-8966-de053474db4c,49-89ab9ea273ad,"{""tr"": ""Varto""}",t,0,2026-07-09 13:27:17.006188+00,,,,f,,
c252ab20-0333-44f1-8617-ef3c6a409ca0,5829e6a0-b15a-44a3-aa60-513faf636b81,50-17459fc9cfcd,"{""tr"": ""Acıgöl""}",t,0,2026-07-09 13:27:17.006188+00,,,,f,,
de92b545-5348-4bc0-bc0a-a4b7e2aead40,5829e6a0-b15a-44a3-aa60-513faf636b81,50-dedc3d91b85a,"{""tr"": ""Avanos""}",t,0,2026-07-09 13:27:17.006188+00,,,,f,,
fb950285-5412-4083-abac-aeacdd16b0f4,5829e6a0-b15a-44a3-aa60-513faf636b81,50-9837399189f9,"{""tr"": ""Derinkuyu""}",t,0,2026-07-09 13:27:17.006188+00,,,,f,,
0ee7a87a-30f2-4cf0-aec9-220e42b2826b,5829e6a0-b15a-44a3-aa60-513faf636b81,50-8b671ad3cbee,"{""tr"": ""Gülşehir""}",t,0,2026-07-09 13:27:17.006188+00,,,,f,,
2abe2035-a660-468e-8edd-1284a57ee3ff,5829e6a0-b15a-44a3-aa60-513faf636b81,50-d58743190c9a,"{""tr"": ""Hacıbektaş""}",t,0,2026-07-09 13:27:17.006188+00,,,,f,,
eb38364c-8b92-43ef-b670-64db98ef7fa3,5829e6a0-b15a-44a3-aa60-513faf636b81,50-47b07d445763,"{""tr"": ""Kozaklı""}",t,0,2026-07-09 13:27:17.006188+00,,,,f,,
2f88a647-e249-4721-bcc9-04d855849535,5829e6a0-b15a-44a3-aa60-513faf636b81,50-29e5ac3c22f3,"{""tr"": ""Merkez""}",t,0,2026-07-09 13:27:17.006188+00,,,,f,,
40a5577b-cf7e-4595-861b-da1d73e413df,5829e6a0-b15a-44a3-aa60-513faf636b81,50-9456b8a03615,"{""tr"": ""Ürgüp""}",t,0,2026-07-09 13:27:17.006188+00,,,,f,,
95b7048d-8c94-4abf-a994-81a6a830f0fc,64e0cf05-a77b-4a67-a62e-032044e0ccad,51-148849092eec,"{""tr"": ""Altunhisar""}",t,0,2026-07-09 13:27:17.006188+00,,,,f,,
0031eb46-dde0-4ec5-83e0-d921ac03cbd4,64e0cf05-a77b-4a67-a62e-032044e0ccad,51-2fc3e7b551bc,"{""tr"": ""Bor""}",t,0,2026-07-09 13:27:17.006188+00,,,,f,,
d295cd02-f636-46b1-aa83-106b208e8465,64e0cf05-a77b-4a67-a62e-032044e0ccad,51-df126ddee3f7,"{""tr"": ""Çamardı""}",t,0,2026-07-09 13:27:17.006188+00,,,,f,,
e2dd59ce-6384-425c-b3a4-859ec38e9aed,64e0cf05-a77b-4a67-a62e-032044e0ccad,51-7560499fa00a,"{""tr"": ""Çiftlik""}",t,0,2026-07-09 13:27:17.006188+00,,,,f,,
b5db6b10-ffa1-4708-a830-80d85cbb2de9,64e0cf05-a77b-4a67-a62e-032044e0ccad,51-29e5ac3c22f3,"{""tr"": ""Merkez""}",t,0,2026-07-09 13:27:17.006188+00,,,,f,,
82107d5f-393d-48e4-a5d0-1ee7020bf604,64e0cf05-a77b-4a67-a62e-032044e0ccad,51-0b45ec717eb0,"{""tr"": ""Ulukışla""}",t,0,2026-07-09 13:27:17.006188+00,,,,f,,
58897dbb-607b-4d59-a2e6-20ff22a98271,5d5c956d-3918-4c4b-9a42-c905ad11e599,52-8ab527b2cceb,"{""tr"": ""Akkuş""}",t,0,2026-07-09 13:27:17.006188+00,,,,f,,
6a07070c-8fa8-4fcd-9d7e-f3858318f299,5d5c956d-3918-4c4b-9a42-c905ad11e599,52-98debcdb9d83,"{""tr"": ""Altınordu""}",t,0,2026-07-09 13:27:17.006188+00,,,,f,,
763eba0f-7edc-4b6f-b12e-168b571764a3,5d5c956d-3918-4c4b-9a42-c905ad11e599,52-ece99d52db96,"{""tr"": ""Aybastı""}",t,0,2026-07-09 13:27:17.006188+00,,,,f,,
b1da1704-30cc-4e53-bca5-20bcc88c4455,5d5c956d-3918-4c4b-9a42-c905ad11e599,52-ae8026a135b2,"{""tr"": ""Çamaş""}",t,0,2026-07-09 13:27:17.006188+00,,,,f,,
de704b4c-c05d-4495-9530-742d7852a646,5d5c956d-3918-4c4b-9a42-c905ad11e599,52-bda25052f3d6,"{""tr"": ""Çatalpınar""}",t,0,2026-07-09 13:27:17.006188+00,,,,f,,
e949272d-6506-402e-acfe-53b46a918aae,5d5c956d-3918-4c4b-9a42-c905ad11e599,52-529cf27a7e49,"{""tr"": ""Çaybaşı""}",t,0,2026-07-09 13:27:17.006188+00,,,,f,,
9653c0dd-ab38-4097-b99c-de6026d3ab80,5d5c956d-3918-4c4b-9a42-c905ad11e599,52-1414e6a7c2ea,"{""tr"": ""Fatsa""}",t,0,2026-07-09 13:27:17.006188+00,,,,f,,
c0a93959-2c72-46a8-a07b-ae55020a6ca0,5d5c956d-3918-4c4b-9a42-c905ad11e599,52-b3657d161507,"{""tr"": ""Gölköy""}",t,0,2026-07-09 13:27:17.006188+00,,,,f,,
d5398877-5fdb-481a-a564-b254e9462617,5d5c956d-3918-4c4b-9a42-c905ad11e599,52-dad3afe15239,"{""tr"": ""Gülyalı""}",t,0,2026-07-09 13:27:17.006188+00,,,,f,,
53353727-3388-493c-ae0e-6ad740bd9d13,5d5c956d-3918-4c4b-9a42-c905ad11e599,52-5ac4c4f661fc,"{""tr"": ""Gürgentepe""}",t,0,2026-07-09 13:27:17.006188+00,,,,f,,
676455fe-ff0e-445b-a31d-830d37250a9f,5d5c956d-3918-4c4b-9a42-c905ad11e599,52-56b4ec4b854c,"{""tr"": ""İkizce""}",t,0,2026-07-09 13:27:17.006188+00,,,,f,,
02b6e7ae-9088-4981-9d42-be8c9f3f69ec,5d5c956d-3918-4c4b-9a42-c905ad11e599,52-9c5b7bae248b,"{""tr"": ""Kabadüz""}",t,0,2026-07-09 13:27:17.006188+00,,,,f,,
5bab8584-dfb2-4b36-a9f3-c46602d18e7a,5d5c956d-3918-4c4b-9a42-c905ad11e599,52-b60d72b3c5f5,"{""tr"": ""Kabataş""}",t,0,2026-07-09 13:27:17.006188+00,,,,f,,
2e13d8ec-23d6-49f0-a6de-6ea462e210b7,5d5c956d-3918-4c4b-9a42-c905ad11e599,52-60f088e33bbe,"{""tr"": ""Korgan""}",t,0,2026-07-09 13:27:17.006188+00,,,,f,,
41e21afb-a8a7-45a6-8ef6-2a26c9fa52c5,5d5c956d-3918-4c4b-9a42-c905ad11e599,52-368563689c6f,"{""tr"": ""Kumru""}",t,0,2026-07-09 13:27:17.006188+00,,,,f,,
a9d5b83d-ac81-428d-87c1-35af856d417e,5d5c956d-3918-4c4b-9a42-c905ad11e599,52-55ad1aaf6d5c,"{""tr"": ""Mesudiye""}",t,0,2026-07-09 13:27:17.006188+00,,,,f,,
d6ca9f6b-874f-476d-8569-1b92293b58f6,5d5c956d-3918-4c4b-9a42-c905ad11e599,52-e088217748e7,"{""tr"": ""Perşembe""}",t,0,2026-07-09 13:27:17.006188+00,,,,f,,
ce1c9413-93a7-428c-bcc0-5e70b89a41d6,5d5c956d-3918-4c4b-9a42-c905ad11e599,52-6dd89e808932,"{""tr"": ""Ulubey""}",t,0,2026-07-09 13:27:17.006188+00,,,,f,,
749ee518-dc46-4c15-a64e-a1a97d2325ee,5d5c956d-3918-4c4b-9a42-c905ad11e599,52-e7c9823f4d16,"{""tr"": ""Ünye""}",t,0,2026-07-09 13:27:17.006188+00,,,,f,,
631a6e84-de75-430c-83de-b1bda09939b8,26fed8a0-a21c-4d37-b687-e2eb1c4e0df4,80-663bd7431ad0,"{""tr"": ""Bahçe""}",t,0,2026-07-09 13:27:17.006188+00,,,,f,,
3ba7d91f-7f3b-49b1-9a19-245e1af7f66a,26fed8a0-a21c-4d37-b687-e2eb1c4e0df4,80-cf83d62d5ee9,"{""tr"": ""Düziçi""}",t,0,2026-07-09 13:27:17.006188+00,,,,f,,
9b2ae83e-c29a-4a9c-95d5-da690d652e96,26fed8a0-a21c-4d37-b687-e2eb1c4e0df4,80-225d4f60361b,"{""tr"": ""Hasanbeyli""}",t,0,2026-07-09 13:27:17.006188+00,,,,f,,
8f8beb5c-ee70-4133-89b8-e198396b7b9a,26fed8a0-a21c-4d37-b687-e2eb1c4e0df4,80-35b6b6d460fb,"{""tr"": ""Kadirli""}",t,0,2026-07-09 13:27:17.006188+00,,,,f,,
9d95bcb4-ca73-4454-ba46-50053e9157ea,26fed8a0-a21c-4d37-b687-e2eb1c4e0df4,80-29e5ac3c22f3,"{""tr"": ""Merkez""}",t,0,2026-07-09 13:27:17.006188+00,,,,f,,
95f76a4a-f210-4f76-a8d3-f2093dd79872,26fed8a0-a21c-4d37-b687-e2eb1c4e0df4,80-63ea88f8ce00,"{""tr"": ""Sumbas""}",t,0,2026-07-09 13:27:17.006188+00,,,,f,,
19603ea4-cc90-4385-8883-f31edb06fa46,26fed8a0-a21c-4d37-b687-e2eb1c4e0df4,80-f16c50f4ad37,"{""tr"": ""Toprakkale""}",t,0,2026-07-09 13:27:17.006188+00,,,,f,,
738df681-c88d-403f-9f77-0f59a6e8caf9,3afbcce8-b32d-489a-b11d-d9988ad6db79,53-b741eb76de0d,"{""tr"": ""Ardeşen""}",t,0,2026-07-09 13:27:17.006188+00,,,,f,,
4d28a695-f775-4a35-b0de-0f55f208811d,3afbcce8-b32d-489a-b11d-d9988ad6db79,53-a86c290d42f7,"{""tr"": ""Çamlıhemşin""}",t,0,2026-07-09 13:27:17.006188+00,,,,f,,
7d9c5d35-f2b4-4095-a07e-c7e2aaa72b08,3afbcce8-b32d-489a-b11d-d9988ad6db79,53-9f418a82cf21,"{""tr"": ""Çayeli""}",t,0,2026-07-09 13:27:17.006188+00,,,,f,,
e4c01704-41e3-4c10-8128-8f487a189160,3afbcce8-b32d-489a-b11d-d9988ad6db79,53-e10f96ed8b26,"{""tr"": ""Derepazarı""}",t,0,2026-07-09 13:27:17.006188+00,,,,f,,
ed9ba7d1-7e42-4ed2-8786-97f0ed792f95,3afbcce8-b32d-489a-b11d-d9988ad6db79,53-f92b68dc498a,"{""tr"": ""Fındıklı""}",t,0,2026-07-09 13:27:17.006188+00,,,,f,,
4b60f26e-8bc1-4021-be15-99e8782d9b12,3afbcce8-b32d-489a-b11d-d9988ad6db79,53-83635fef10cb,"{""tr"": ""Güneysu""}",t,0,2026-07-09 13:27:17.006188+00,,,,f,,
6ebf458d-284f-4be4-962b-dc2226ef848e,3afbcce8-b32d-489a-b11d-d9988ad6db79,53-8dee57916e48,"{""tr"": ""Hemşin""}",t,0,2026-07-09 13:27:17.006188+00,,,,f,,
d60f738b-c598-435d-8035-4146ea551c00,3afbcce8-b32d-489a-b11d-d9988ad6db79,53-afe6fa70efac,"{""tr"": ""İkizdere""}",t,0,2026-07-09 13:27:17.006188+00,,,,f,,
701a9959-e072-4335-a247-e2cbc7b37a8c,3afbcce8-b32d-489a-b11d-d9988ad6db79,53-ff568800a1fb,"{""tr"": ""İyidere""}",t,0,2026-07-09 13:27:17.006188+00,,,,f,,
4257801c-6fb3-40e6-8a37-24f6600d46e5,3afbcce8-b32d-489a-b11d-d9988ad6db79,53-141da648a40f,"{""tr"": ""Kalkandere""}",t,0,2026-07-09 13:27:17.006188+00,,,,f,,
50fad889-b73b-4e56-856a-98bfc4d0ee17,3afbcce8-b32d-489a-b11d-d9988ad6db79,53-29e5ac3c22f3,"{""tr"": ""Merkez""}",t,0,2026-07-09 13:27:17.006188+00,,,,f,,
3978d858-b94d-444e-971d-a8f16c53c84a,3afbcce8-b32d-489a-b11d-d9988ad6db79,53-c7d9f590e4ae,"{""tr"": ""Pazar""}",t,0,2026-07-09 13:27:17.006188+00,,,,f,,
aa2d43a7-9cd0-4eda-b954-05a47c301dd0,6beb843f-18c6-4ae8-9bff-77da03ac4ad5,54-e20df6a18da2,"{""tr"": ""Adapazarı""}",t,0,2026-07-09 13:27:17.006188+00,,,,f,,
b548cd3d-c21e-463f-8b28-ff2e18feef55,6beb843f-18c6-4ae8-9bff-77da03ac4ad5,54-9715da0065ac,"{""tr"": ""Akyazı""}",t,0,2026-07-09 13:27:17.006188+00,,,,f,,
573b1588-55d5-45bf-8a4c-0d1e5cdbb84b,6beb843f-18c6-4ae8-9bff-77da03ac4ad5,54-b47b8252a0bd,"{""tr"": ""Arifiye""}",t,0,2026-07-09 13:27:17.006188+00,,,,f,,
67578b57-3c10-46ee-a34f-f052465ec8a8,6beb843f-18c6-4ae8-9bff-77da03ac4ad5,54-386e6d2282f8,"{""tr"": ""Erenler""}",t,0,2026-07-09 13:27:17.006188+00,,,,f,,
fb4fce17-d2ab-4bdd-a3ca-536503d9cf56,6beb843f-18c6-4ae8-9bff-77da03ac4ad5,54-3ac65cd462e1,"{""tr"": ""Ferizli""}",t,0,2026-07-09 13:27:17.006188+00,,,,f,,
b1fb7e7b-c1e9-4a9e-b0ab-25c37bff5202,6beb843f-18c6-4ae8-9bff-77da03ac4ad5,54-25e4195dc055,"{""tr"": ""Geyve""}",t,0,2026-07-09 13:27:17.006188+00,,,,f,,
c2c754e4-6972-495d-90bf-df6be5265552,6beb843f-18c6-4ae8-9bff-77da03ac4ad5,54-ef1f642fd6d6,"{""tr"": ""Hendek""}",t,0,2026-07-09 13:27:17.006188+00,,,,f,,
093fda77-5054-49cd-9455-b5cf77464582,6beb843f-18c6-4ae8-9bff-77da03ac4ad5,54-d78e91f665a5,"{""tr"": ""Karapürçek""}",t,0,2026-07-09 13:27:17.006188+00,,,,f,,
70350d90-ec0f-4aa4-ae25-03b703b4f76b,6beb843f-18c6-4ae8-9bff-77da03ac4ad5,54-a6c8289c33d4,"{""tr"": ""Karasu""}",t,0,2026-07-09 13:27:17.006188+00,,,,f,,
59b754be-6a53-42c8-b412-07e0fb8d9e34,6beb843f-18c6-4ae8-9bff-77da03ac4ad5,54-f32145dbd7e3,"{""tr"": ""Kaynarca""}",t,0,2026-07-09 13:27:17.006188+00,,,,f,,
1f208528-e569-441d-8da6-ebcefd493e5d,6beb843f-18c6-4ae8-9bff-77da03ac4ad5,54-41f41001ab1a,"{""tr"": ""Kocaali""}",t,0,2026-07-09 13:27:17.006188+00,,,,f,,
50345f77-ac19-4e12-9464-3bc741775853,6beb843f-18c6-4ae8-9bff-77da03ac4ad5,54-c6c370c939b9,"{""tr"": ""Pamukova""}",t,0,2026-07-09 13:27:17.006188+00,,,,f,,
936e5a63-07a4-446d-b77c-0c71b927c1ce,6beb843f-18c6-4ae8-9bff-77da03ac4ad5,54-8a6434b28ed1,"{""tr"": ""Sapanca""}",t,0,2026-07-09 13:27:17.006188+00,,,,f,,
0d15157b-4308-4dde-af7f-5d9f2d6a9353,6beb843f-18c6-4ae8-9bff-77da03ac4ad5,54-33b2778e7ed4,"{""tr"": ""Serdivan""}",t,0,2026-07-09 13:27:17.006188+00,,,,f,,
a71628e9-6f9f-4f38-887f-1633bc9627a4,6beb843f-18c6-4ae8-9bff-77da03ac4ad5,54-567dd1b09b9e,"{""tr"": ""Söğütlü""}",t,0,2026-07-09 13:27:17.006188+00,,,,f,,
1b485bd7-cb9c-4e80-81ee-127823c69be7,6beb843f-18c6-4ae8-9bff-77da03ac4ad5,54-c3404edfc684,"{""tr"": ""Taraklı""}",t,0,2026-07-09 13:27:17.006188+00,,,,f,,
a86ce87b-6d1f-4be9-be3e-0a965f8734f5,d76a9b11-3eff-4e19-8d68-d088fbdf6e83,55-5f1022745672,"{""tr"": ""19 Mayıs""}",t,0,2026-07-09 13:27:17.006188+00,,,,f,,
791684dd-e36c-434f-8f9f-1d9c7c890357,d76a9b11-3eff-4e19-8d68-d088fbdf6e83,55-8d06956a9fe8,"{""tr"": ""Alaçam""}",t,0,2026-07-09 13:27:17.006188+00,,,,f,,
6c44ec20-3f96-473c-b398-edcd651ff910,d76a9b11-3eff-4e19-8d68-d088fbdf6e83,55-f3a1f36dee97,"{""tr"": ""Asarcık""}",t,0,2026-07-09 13:27:17.006188+00,,,,f,,
35f6d40b-ae9c-4f61-b652-8dd8d71c9521,d76a9b11-3eff-4e19-8d68-d088fbdf6e83,55-0f338146a5ed,"{""tr"": ""Atakum""}",t,0,2026-07-09 13:27:17.006188+00,,,,f,,
eb3209ab-bf35-43db-92cb-842bb03d8a08,d76a9b11-3eff-4e19-8d68-d088fbdf6e83,55-94a549bad77b,"{""tr"": ""Ayvacık""}",t,0,2026-07-09 13:27:17.006188+00,,,,f,,
1381b87d-5758-4fb7-84a2-c1d61e87062c,d76a9b11-3eff-4e19-8d68-d088fbdf6e83,55-208cdbf24dac,"{""tr"": ""Bafra""}",t,0,2026-07-09 13:27:17.006188+00,,,,f,,
81e3b00b-54de-4e09-92e6-de6f1c2b40a9,d76a9b11-3eff-4e19-8d68-d088fbdf6e83,55-9cf974809d02,"{""tr"": ""Canik""}",t,0,2026-07-09 13:27:17.006188+00,,,,f,,
7ac36f35-6157-4878-9b6d-442373fc7469,d76a9b11-3eff-4e19-8d68-d088fbdf6e83,55-d1235304cf01,"{""tr"": ""Çarşamba""}",t,0,2026-07-09 13:27:17.006188+00,,,,f,,
eb221fcb-022a-4ab5-ae32-77a3ceadc7c7,d76a9b11-3eff-4e19-8d68-d088fbdf6e83,55-d48a1c759e83,"{""tr"": ""Havza""}",t,0,2026-07-09 13:27:17.006188+00,,,,f,,
81b6b122-8746-4530-89fd-7f677c323249,d76a9b11-3eff-4e19-8d68-d088fbdf6e83,55-f73668b5dd19,"{""tr"": ""İlkadım""}",t,0,2026-07-09 13:27:17.006188+00,,,,f,,
9de60df5-f2a4-4729-8af5-527a7dd5fea7,d76a9b11-3eff-4e19-8d68-d088fbdf6e83,55-f7fefd04aa2f,"{""tr"": ""Kavak""}",t,0,2026-07-09 13:27:17.006188+00,,,,f,,
1c9c6c14-c26b-4f4e-bd24-426f57fe3074,d76a9b11-3eff-4e19-8d68-d088fbdf6e83,55-1af04960ca36,"{""tr"": ""Ladik""}",t,0,2026-07-09 13:27:17.006188+00,,,,f,,
4739a178-7f0e-45fb-8f96-f50ec0005ecb,d76a9b11-3eff-4e19-8d68-d088fbdf6e83,55-c9a18d4584fc,"{""tr"": ""Salıpazarı""}",t,0,2026-07-09 13:27:17.006188+00,,,,f,,
849a1999-e118-46c6-852d-4c1e622ec6a4,d76a9b11-3eff-4e19-8d68-d088fbdf6e83,55-2c4c06ae60f7,"{""tr"": ""Tekkeköy""}",t,0,2026-07-09 13:27:17.006188+00,,,,f,,
bdd216f8-0143-4699-a6cd-2667bf8d1598,d76a9b11-3eff-4e19-8d68-d088fbdf6e83,55-e09950e3a574,"{""tr"": ""Terme""}",t,0,2026-07-09 13:27:17.006188+00,,,,f,,
3d86b3f6-fc08-4784-968f-924e3cba5a1c,d76a9b11-3eff-4e19-8d68-d088fbdf6e83,55-7814564aee9b,"{""tr"": ""Vezirköprü""}",t,0,2026-07-09 13:27:17.006188+00,,,,f,,
060c98ae-bcd3-4233-b296-0852399d9858,d76a9b11-3eff-4e19-8d68-d088fbdf6e83,55-bf5d86defdb4,"{""tr"": ""Yakakent""}",t,0,2026-07-09 13:27:17.006188+00,,,,f,,
e08a950c-ef48-4c6a-862e-16ba9b2f4e1b,7ec34807-c96f-4937-b342-5b1ceacbeede,56-22031cbb7353,"{""tr"": ""Baykan""}",t,0,2026-07-09 13:27:17.006188+00,,,,f,,
2c4be161-11c2-4c21-9764-99ac9a095ffb,7ec34807-c96f-4937-b342-5b1ceacbeede,56-9880d15f6bc6,"{""tr"": ""Eruh""}",t,0,2026-07-09 13:27:17.006188+00,,,,f,,
28c3b974-360f-45af-9149-ce3d7a582334,7ec34807-c96f-4937-b342-5b1ceacbeede,56-91c6ae15c9c4,"{""tr"": ""Kurtalan""}",t,0,2026-07-09 13:27:17.006188+00,,,,f,,
1655caa8-1c84-4e16-91f3-bd913c02caba,7ec34807-c96f-4937-b342-5b1ceacbeede,56-29e5ac3c22f3,"{""tr"": ""Merkez""}",t,0,2026-07-09 13:27:17.006188+00,,,,f,,
dd2d7849-033a-4266-a958-14ea58ea1766,7ec34807-c96f-4937-b342-5b1ceacbeede,56-10701d42d902,"{""tr"": ""Pervari""}",t,0,2026-07-09 13:27:17.006188+00,,,,f,,
929fa246-20ab-4856-8b3d-e69694e8ce55,7ec34807-c96f-4937-b342-5b1ceacbeede,56-8a0db6ae398b,"{""tr"": ""Şirvan""}",t,0,2026-07-09 13:27:17.006188+00,,,,f,,
2234e2be-f813-4d49-88e8-7527291d748a,7ec34807-c96f-4937-b342-5b1ceacbeede,56-28f960bb28fc,"{""tr"": ""Tillo""}",t,0,2026-07-09 13:27:17.006188+00,,,,f,,
674ccdc1-594b-4a2b-a6cc-3631643818fa,c213339a-d4e5-4f50-a7da-380c298aa2aa,57-0f3af551d637,"{""tr"": ""Ayancık""}",t,0,2026-07-09 13:27:17.006188+00,,,,f,,
9e050d44-de8a-458c-b32d-e428f6c17b13,c213339a-d4e5-4f50-a7da-380c298aa2aa,57-d542089c14e9,"{""tr"": ""Boyabat""}",t,0,2026-07-09 13:27:17.006188+00,,,,f,,
620d9b8e-6d84-4a0e-bd8c-8737085b2cd5,c213339a-d4e5-4f50-a7da-380c298aa2aa,57-fa741e7dd4ed,"{""tr"": ""Dikmen""}",t,0,2026-07-09 13:27:17.006188+00,,,,f,,
94d5b8d3-d3df-4be2-9d45-6285fb3534f4,c213339a-d4e5-4f50-a7da-380c298aa2aa,57-2447d6320532,"{""tr"": ""Durağan""}",t,0,2026-07-09 13:27:17.006188+00,,,,f,,
09205f20-7e79-4572-9e3d-679cf61a9be5,c213339a-d4e5-4f50-a7da-380c298aa2aa,57-4fb722b2beec,"{""tr"": ""Erfelek""}",t,0,2026-07-09 13:27:17.006188+00,,,,f,,
7db8f170-2c0c-4db4-8b9c-dfbf19e21272,c213339a-d4e5-4f50-a7da-380c298aa2aa,57-7a2cbf751af4,"{""tr"": ""Gerze""}",t,0,2026-07-09 13:27:17.006188+00,,,,f,,
bc561c09-c0c4-43b6-99d1-74295328f8c2,c213339a-d4e5-4f50-a7da-380c298aa2aa,57-29e5ac3c22f3,"{""tr"": ""Merkez""}",t,0,2026-07-09 13:27:17.006188+00,,,,f,,
9155c144-b638-47a9-8776-54b57d3dd4f6,c213339a-d4e5-4f50-a7da-380c298aa2aa,57-4e593731a6f1,"{""tr"": ""Saraydüzü""}",t,0,2026-07-09 13:27:17.006188+00,,,,f,,
b03580f3-1467-4458-83d3-944135c32479,c213339a-d4e5-4f50-a7da-380c298aa2aa,57-cf02bc7b4df2,"{""tr"": ""Türkeli""}",t,0,2026-07-09 13:27:17.006188+00,,,,f,,
ab845018-1c4e-4803-9b22-79ccd972c4bf,29fffba7-9add-4dff-b4ac-365fe22136b5,58-832f4cec6881,"{""tr"": ""Akıncılar""}",t,0,2026-07-09 13:27:17.006188+00,,,,f,,
f400f0bf-430f-47dd-8280-4ab62d329dd1,29fffba7-9add-4dff-b4ac-365fe22136b5,58-d6994c04cbed,"{""tr"": ""Altınyayla""}",t,0,2026-07-09 13:27:17.006188+00,,,,f,,
9fd264cc-df95-407a-aec6-97ed58c2a82b,29fffba7-9add-4dff-b4ac-365fe22136b5,58-ff8daac3bb19,"{""tr"": ""Divriği""}",t,0,2026-07-09 13:27:17.006188+00,,,,f,,
d70f7ca3-a73e-46c4-9484-08cc7db42de8,29fffba7-9add-4dff-b4ac-365fe22136b5,58-81b6f426db8e,"{""tr"": ""Doğanşar""}",t,0,2026-07-09 13:27:17.006188+00,,,,f,,
1d2685ed-c679-4d14-bc27-521e1543ae07,29fffba7-9add-4dff-b4ac-365fe22136b5,58-b30046e0c24b,"{""tr"": ""Gemerek""}",t,0,2026-07-09 13:27:17.006188+00,,,,f,,
66208ee7-6c2c-4c5f-8754-a8e0cf239bf0,29fffba7-9add-4dff-b4ac-365fe22136b5,58-bb3e9cd51787,"{""tr"": ""Gölova""}",t,0,2026-07-09 13:27:17.006188+00,,,,f,,
dacd039e-83f0-418c-84cb-dfb5a0901e87,29fffba7-9add-4dff-b4ac-365fe22136b5,58-9420b36e731e,"{""tr"": ""Gürün""}",t,0,2026-07-09 13:27:17.006188+00,,,,f,,
884549de-9174-4661-a4e2-9768414126fb,29fffba7-9add-4dff-b4ac-365fe22136b5,58-bc74391501ee,"{""tr"": ""Hafik""}",t,0,2026-07-09 13:27:17.006188+00,,,,f,,
1e08fbf2-fe8b-4668-a443-ff865d59622c,29fffba7-9add-4dff-b4ac-365fe22136b5,58-6aabfcc3a2b3,"{""tr"": ""İmranlı""}",t,0,2026-07-09 13:27:17.006188+00,,,,f,,
afd0668e-9f84-4466-8332-3383aa7960e2,29fffba7-9add-4dff-b4ac-365fe22136b5,58-1e6977e10dbb,"{""tr"": ""Kangal""}",t,0,2026-07-09 13:27:17.006188+00,,,,f,,
56767404-dc2f-4224-b05f-e26cf92d6d4c,29fffba7-9add-4dff-b4ac-365fe22136b5,58-73510dcc7169,"{""tr"": ""Koyulhisar""}",t,0,2026-07-09 13:27:17.006188+00,,,,f,,
16f86ecc-d2d1-4d3a-82ba-fb9249403d96,29fffba7-9add-4dff-b4ac-365fe22136b5,58-29e5ac3c22f3,"{""tr"": ""Merkez""}",t,0,2026-07-09 13:27:17.006188+00,,,,f,,
499f9ebd-5d06-4b82-b358-a95324951b19,29fffba7-9add-4dff-b4ac-365fe22136b5,58-fc85faacc20e,"{""tr"": ""Suşehri""}",t,0,2026-07-09 13:27:17.006188+00,,,,f,,
b0e3a304-606f-4b84-a0fb-45039cad427d,29fffba7-9add-4dff-b4ac-365fe22136b5,58-4ca4fce50390,"{""tr"": ""Şarkışla""}",t,0,2026-07-09 13:27:17.006188+00,,,,f,,
aabc0212-8351-4613-bd1f-c66e996e210f,29fffba7-9add-4dff-b4ac-365fe22136b5,58-c1d65ea8e17a,"{""tr"": ""Ulaş""}",t,0,2026-07-09 13:27:17.006188+00,,,,f,,
c8d31ff4-f141-4aa1-a95f-952ca83cf3f1,29fffba7-9add-4dff-b4ac-365fe22136b5,58-c2b767fbbc5a,"{""tr"": ""Yıldızeli""}",t,0,2026-07-09 13:27:17.006188+00,,,,f,,
da3a46ab-c03d-4aeb-ae86-330ecb4349cf,29fffba7-9add-4dff-b4ac-365fe22136b5,58-f8c2475361c6,"{""tr"": ""Zara""}",t,0,2026-07-09 13:27:17.006188+00,,,,f,,
308815d7-f8bd-43ad-9ce3-2b40fe3d8d5d,2f3f9e7d-0cc3-46cc-a7f1-358bf8ce4e88,63-053e28e8d57c,"{""tr"": ""Akçakale""}",t,0,2026-07-09 13:27:17.006188+00,,,,f,,
4b38f832-cdf1-4082-87b2-0a30de6a55dd,2f3f9e7d-0cc3-46cc-a7f1-358bf8ce4e88,63-f6a29e4f3d04,"{""tr"": ""Birecik""}",t,0,2026-07-09 13:27:17.006188+00,,,,f,,
098b7552-0933-4a2d-a024-2989c323d774,2f3f9e7d-0cc3-46cc-a7f1-358bf8ce4e88,63-22c94aab5ca5,"{""tr"": ""Bozova""}",t,0,2026-07-09 13:27:17.006188+00,,,,f,,
0cd7522b-c08b-437c-b6fb-4d7a5b98dfc7,2f3f9e7d-0cc3-46cc-a7f1-358bf8ce4e88,63-90d86052f61f,"{""tr"": ""Ceylanpınar""}",t,0,2026-07-09 13:27:17.006188+00,,,,f,,
58f32808-01cf-4f18-b8dd-535888c43021,2f3f9e7d-0cc3-46cc-a7f1-358bf8ce4e88,63-a3ea6c8a4ca7,"{""tr"": ""Eyyübiye""}",t,0,2026-07-09 13:27:17.006188+00,,,,f,,
3f94acf6-b669-4554-9333-4f0c1fbd6fa5,2f3f9e7d-0cc3-46cc-a7f1-358bf8ce4e88,63-b9609c0c8eab,"{""tr"": ""Halfeti""}",t,0,2026-07-09 13:27:17.006188+00,,,,f,,
00cdffe5-806b-481d-951f-02b29e69606f,2f3f9e7d-0cc3-46cc-a7f1-358bf8ce4e88,63-94857d76457f,"{""tr"": ""Haliliye""}",t,0,2026-07-09 13:27:17.006188+00,,,,f,,
bdb79b3a-b21c-4fd6-a7d8-4dff6ce9ce7e,2f3f9e7d-0cc3-46cc-a7f1-358bf8ce4e88,63-5e2c007d905e,"{""tr"": ""Harran""}",t,0,2026-07-09 13:27:17.006188+00,,,,f,,
6c434081-a0b4-4490-93d2-79f60fbe8212,2f3f9e7d-0cc3-46cc-a7f1-358bf8ce4e88,63-e704779a7da3,"{""tr"": ""Hilvan""}",t,0,2026-07-09 13:27:17.006188+00,,,,f,,
15d37dca-9fe8-4904-aab1-05aa78c365b6,2f3f9e7d-0cc3-46cc-a7f1-358bf8ce4e88,63-c843ee72c3ee,"{""tr"": ""Karaköprü""}",t,0,2026-07-09 13:27:17.006188+00,,,,f,,
3a36e96f-a4a4-472f-8d62-951dbcc294d8,2f3f9e7d-0cc3-46cc-a7f1-358bf8ce4e88,63-89ebb83ddb44,"{""tr"": ""Siverek""}",t,0,2026-07-09 13:27:17.006188+00,,,,f,,
66507268-08cf-4306-a1e8-d95e37224c9b,2f3f9e7d-0cc3-46cc-a7f1-358bf8ce4e88,63-15326f3657c8,"{""tr"": ""Suruç""}",t,0,2026-07-09 13:27:17.006188+00,,,,f,,
b629ca5d-073b-429b-870b-12e24ffd3b3f,2f3f9e7d-0cc3-46cc-a7f1-358bf8ce4e88,63-c545a2f197bd,"{""tr"": ""Viranşehir""}",t,0,2026-07-09 13:27:17.006188+00,,,,f,,
da7756f5-e720-4fa4-b756-fb3e20bc73cf,4308ae44-1db0-452e-9e87-d66bf5e43c1e,73-a03db8f5af60,"{""tr"": ""Beytüşşebap""}",t,0,2026-07-09 13:27:17.006188+00,,,,f,,
ba9b0c22-074b-457d-a8f7-b3c680f2f272,4308ae44-1db0-452e-9e87-d66bf5e43c1e,73-efe5ddbd650d,"{""tr"": ""Cizre""}",t,0,2026-07-09 13:27:17.006188+00,,,,f,,
2a768430-571d-4f70-929b-9a4a868fdf5d,4308ae44-1db0-452e-9e87-d66bf5e43c1e,73-2e216403bd00,"{""tr"": ""Güçlükonak""}",t,0,2026-07-09 13:27:17.006188+00,,,,f,,
2d71b823-7abe-4268-9b78-a770563e5df6,4308ae44-1db0-452e-9e87-d66bf5e43c1e,73-60ec04a57005,"{""tr"": ""İdil""}",t,0,2026-07-09 13:27:17.006188+00,,,,f,,
caf776d5-9356-48ba-9a0f-dd5bf488e38c,4308ae44-1db0-452e-9e87-d66bf5e43c1e,73-29e5ac3c22f3,"{""tr"": ""Merkez""}",t,0,2026-07-09 13:27:17.006188+00,,,,f,,
10af6b46-582a-4821-929f-3f24e6bd63ad,4308ae44-1db0-452e-9e87-d66bf5e43c1e,73-22e8aeafdcd4,"{""tr"": ""Silopi""}",t,0,2026-07-09 13:27:17.006188+00,,,,f,,
414a0471-1aa3-47c9-ae03-446e024092ef,4308ae44-1db0-452e-9e87-d66bf5e43c1e,73-baf40b7223d5,"{""tr"": ""Uludere""}",t,0,2026-07-09 13:27:17.006188+00,,,,f,,
a2bd2894-5831-4a28-ae8f-5901fda85ffd,40d9d3c7-86b1-4fe7-a759-f51a2bc8ceb0,59-6064800c6b44,"{""tr"": ""Çerkezköy""}",t,0,2026-07-09 13:27:17.006188+00,,,,f,,
380806eb-d4b4-413d-a24e-872655d6a31f,40d9d3c7-86b1-4fe7-a759-f51a2bc8ceb0,59-0bb11930370f,"{""tr"": ""Çorlu""}",t,0,2026-07-09 13:27:17.006188+00,,,,f,,
d8853a75-d954-44c5-b5f7-1b1944ef9f95,40d9d3c7-86b1-4fe7-a759-f51a2bc8ceb0,59-f856d697699f,"{""tr"": ""Ergene""}",t,0,2026-07-09 13:27:17.006188+00,,,,f,,
2f5ae6dc-dce5-4856-95c2-5f5fda92f85e,40d9d3c7-86b1-4fe7-a759-f51a2bc8ceb0,59-5c3692a32175,"{""tr"": ""Hayrabolu""}",t,0,2026-07-09 13:27:17.006188+00,,,,f,,
54b0d81d-8ba0-49a4-ada3-4dfaa49bd563,40d9d3c7-86b1-4fe7-a759-f51a2bc8ceb0,59-af520cbc1d5a,"{""tr"": ""Kapaklı""}",t,0,2026-07-09 13:27:17.006188+00,,,,f,,
97848d96-f04a-4e80-b39f-15565a8c6c36,40d9d3c7-86b1-4fe7-a759-f51a2bc8ceb0,59-6599ea9de2e6,"{""tr"": ""Malkara""}",t,0,2026-07-09 13:27:17.006188+00,,,,f,,
26b7f1ac-658f-4a2f-a43f-37523c067c4d,40d9d3c7-86b1-4fe7-a759-f51a2bc8ceb0,59-04f52753fb3b,"{""tr"": ""Marmaraereğlisi""}",t,0,2026-07-09 13:27:17.006188+00,,,,f,,
a343325d-681a-436e-ac10-fe3ea6279ca4,40d9d3c7-86b1-4fe7-a759-f51a2bc8ceb0,59-74fe79bc96dc,"{""tr"": ""Muratlı""}",t,0,2026-07-09 13:27:17.006188+00,,,,f,,
3d4de85f-26e4-43aa-ae1f-4b85f9593c62,40d9d3c7-86b1-4fe7-a759-f51a2bc8ceb0,59-4d7c828eb83e,"{""tr"": ""Saray""}",t,0,2026-07-09 13:27:17.006188+00,,,,f,,
56be6e11-9039-4fce-b2ca-bfc7b2543c47,40d9d3c7-86b1-4fe7-a759-f51a2bc8ceb0,59-1ff27bf41824,"{""tr"": ""Süleymanpaşa""}",t,0,2026-07-09 13:27:17.006188+00,,,,f,,
68ec902e-646c-4568-bf60-2c3328773b97,40d9d3c7-86b1-4fe7-a759-f51a2bc8ceb0,59-d1c529bda3df,"{""tr"": ""Şarköy""}",t,0,2026-07-09 13:27:17.006188+00,,,,f,,
0e5c10e3-a7cd-4b00-982e-ffb934552c6d,6cd92e60-1295-42cb-ab01-e6f25f57492a,60-67ca15810c16,"{""tr"": ""Almus""}",t,0,2026-07-09 13:27:17.006188+00,,,,f,,
cb80e9e8-d00c-4dcd-99b7-9fa0a46855c8,6cd92e60-1295-42cb-ab01-e6f25f57492a,60-7d3e8e88e42d,"{""tr"": ""Artova""}",t,0,2026-07-09 13:27:17.006188+00,,,,f,,
eb37a83d-74a3-4ff3-8f00-65921a8a183c,6cd92e60-1295-42cb-ab01-e6f25f57492a,60-f0da3038d26a,"{""tr"": ""Başçiftlik""}",t,0,2026-07-09 13:27:17.006188+00,,,,f,,
1aad7426-833a-43c1-8683-6867d37d6e69,6cd92e60-1295-42cb-ab01-e6f25f57492a,60-2e3ef3851599,"{""tr"": ""Erbaa""}",t,0,2026-07-09 13:27:17.006188+00,,,,f,,
07e66564-5788-4c34-b977-e76a912b5644,6cd92e60-1295-42cb-ab01-e6f25f57492a,60-29e5ac3c22f3,"{""tr"": ""Merkez""}",t,0,2026-07-09 13:27:17.006188+00,,,,f,,
bf5c14c5-4abb-44fd-9986-f964976a072f,6cd92e60-1295-42cb-ab01-e6f25f57492a,60-2ea79ebdcdde,"{""tr"": ""Niksar""}",t,0,2026-07-09 13:27:17.006188+00,,,,f,,
b5b337b6-f5f4-4a3d-80b0-2ab1a85b4a2c,6cd92e60-1295-42cb-ab01-e6f25f57492a,60-c7d9f590e4ae,"{""tr"": ""Pazar""}",t,0,2026-07-09 13:27:17.006188+00,,,,f,,
2bd5e435-e11b-4ebf-a10d-a05e59784dbf,6cd92e60-1295-42cb-ab01-e6f25f57492a,60-9f2a3f0b4b26,"{""tr"": ""Reşadiye""}",t,0,2026-07-09 13:27:17.006188+00,,,,f,,
938c731f-9b39-4857-9513-b2f1a365cb9c,6cd92e60-1295-42cb-ab01-e6f25f57492a,60-fbf3a0d48ead,"{""tr"": ""Sulusaray""}",t,0,2026-07-09 13:27:17.006188+00,,,,f,,
9a04ab4f-de3f-4c07-952b-fb005f8d0a08,6cd92e60-1295-42cb-ab01-e6f25f57492a,60-a17cfc7c59b8,"{""tr"": ""Turhal""}",t,0,2026-07-09 13:27:17.006188+00,,,,f,,
2cc040c7-fe56-49cc-8ae1-f06b2ff03f12,6cd92e60-1295-42cb-ab01-e6f25f57492a,60-f5f63933483a,"{""tr"": ""Yeşilyurt""}",t,0,2026-07-09 13:27:17.006188+00,,,,f,,
5cc5db33-c4c0-4978-b529-d48af2ab63ec,6cd92e60-1295-42cb-ab01-e6f25f57492a,60-78c048012bab,"{""tr"": ""Zile""}",t,0,2026-07-09 13:27:17.006188+00,,,,f,,
6cc01429-9ea8-46b7-a007-7b7deb93183d,1e7b3f49-c09a-4470-942a-495927984d70,61-429d6f3c3f65,"{""tr"": ""Akçaabat""}",t,0,2026-07-09 13:27:17.006188+00,,,,f,,
a204a982-3230-41d3-9413-29728283743a,1e7b3f49-c09a-4470-942a-495927984d70,61-d08afafdab9e,"{""tr"": ""Araklı""}",t,0,2026-07-09 13:27:17.006188+00,,,,f,,
f04e7d01-16cb-4ac0-9fa3-0489865daaac,1e7b3f49-c09a-4470-942a-495927984d70,61-cb20be54c061,"{""tr"": ""Arsin""}",t,0,2026-07-09 13:27:17.006188+00,,,,f,,
529acdf8-1664-41d6-a5e8-5b60ba47a6df,1e7b3f49-c09a-4470-942a-495927984d70,61-9475c57fae9d,"{""tr"": ""Beşikdüzü""}",t,0,2026-07-09 13:27:17.006188+00,,,,f,,
cd60a418-9be5-49f3-ae57-c6d9cc9e358a,1e7b3f49-c09a-4470-942a-495927984d70,61-1524cc798025,"{""tr"": ""Çarşıbaşı""}",t,0,2026-07-09 13:27:17.006188+00,,,,f,,
ec6ada7d-8b36-498b-95b0-68d04a0deab5,1e7b3f49-c09a-4470-942a-495927984d70,61-b72b1d9f89b5,"{""tr"": ""Çaykara""}",t,0,2026-07-09 13:27:17.006188+00,,,,f,,
38f7b716-33a5-4b3f-bfea-a65602f64503,1e7b3f49-c09a-4470-942a-495927984d70,61-a4ab64aa95f1,"{""tr"": ""Dernekpazarı""}",t,0,2026-07-09 13:27:17.006188+00,,,,f,,
1cf66161-d5d0-437d-867e-754b197e32c6,1e7b3f49-c09a-4470-942a-495927984d70,61-cb63d313806c,"{""tr"": ""Düzköy""}",t,0,2026-07-09 13:27:17.006188+00,,,,f,,
84f12f7d-a728-4e7d-8b83-0550f654575c,1e7b3f49-c09a-4470-942a-495927984d70,61-2295c51358ea,"{""tr"": ""Hayrat""}",t,0,2026-07-09 13:27:17.006188+00,,,,f,,
acd5138b-61c0-4294-b194-6440eb40eacb,1e7b3f49-c09a-4470-942a-495927984d70,61-e863c115d22d,"{""tr"": ""Köprübaşı""}",t,0,2026-07-09 13:27:17.006188+00,,,,f,,
64699b48-f20b-47fa-99b1-10c2d66dbe95,1e7b3f49-c09a-4470-942a-495927984d70,61-1f5942941793,"{""tr"": ""Maçka""}",t,0,2026-07-09 13:27:17.006188+00,,,,f,,
ae253120-4a0e-4cbd-98e2-29f15b59d738,1e7b3f49-c09a-4470-942a-495927984d70,61-cdb81f21e18b,"{""tr"": ""Of""}",t,0,2026-07-09 13:27:17.006188+00,,,,f,,
0a305999-7bd3-4118-8c3a-f280ca07cb37,1e7b3f49-c09a-4470-942a-495927984d70,61-1f2abc07f5c5,"{""tr"": ""Ortahisar""}",t,0,2026-07-09 13:27:17.006188+00,,,,f,,
ab0f6151-6d0b-43dc-a62d-d335c7dc15c3,1e7b3f49-c09a-4470-942a-495927984d70,61-497bcbfd4d82,"{""tr"": ""Sürmene""}",t,0,2026-07-09 13:27:17.006188+00,,,,f,,
cac29ccd-7412-44b5-baf5-46126d0e5d31,1e7b3f49-c09a-4470-942a-495927984d70,61-4bbeb6d7969a,"{""tr"": ""Şalpazarı""}",t,0,2026-07-09 13:27:17.006188+00,,,,f,,
2d0b3e36-3e1a-4eb5-bdd9-4cebe766cdd1,1e7b3f49-c09a-4470-942a-495927984d70,61-79cb36288976,"{""tr"": ""Tonya""}",t,0,2026-07-09 13:27:17.006188+00,,,,f,,
d063cdeb-1dfd-40a9-a86d-b5ed40332cc7,1e7b3f49-c09a-4470-942a-495927984d70,61-320de6f0efe9,"{""tr"": ""Vakfıkebir""}",t,0,2026-07-09 13:27:17.006188+00,,,,f,,
0fd8f6a8-be5d-40e8-a99a-6e06f90d07bd,1e7b3f49-c09a-4470-942a-495927984d70,61-f885e2269feb,"{""tr"": ""Yomra""}",t,0,2026-07-09 13:27:17.006188+00,,,,f,,
0032859e-746c-479e-ae43-987cc0db43e7,44929456-5b87-48d6-90cf-b8e4ae50ae63,62-7e281395dd64,"{""tr"": ""Çemişgezek""}",t,0,2026-07-09 13:27:17.006188+00,,,,f,,
476f75fd-6e24-4e63-87a1-0a0c24693da2,44929456-5b87-48d6-90cf-b8e4ae50ae63,62-4ad7d1297ae0,"{""tr"": ""Hozat""}",t,0,2026-07-09 13:27:17.006188+00,,,,f,,
95975940-1094-4887-9daf-15b296f6c9ab,44929456-5b87-48d6-90cf-b8e4ae50ae63,62-36495ad09fba,"{""tr"": ""Mazgirt""}",t,0,2026-07-09 13:27:17.006188+00,,,,f,,
2c4b9789-45f3-4d03-9b07-0f84328c4728,44929456-5b87-48d6-90cf-b8e4ae50ae63,62-29e5ac3c22f3,"{""tr"": ""Merkez""}",t,0,2026-07-09 13:27:17.006188+00,,,,f,,
ea9c404d-269d-4332-ac26-595f88b8822a,44929456-5b87-48d6-90cf-b8e4ae50ae63,62-df5172dc3ed6,"{""tr"": ""Nazımiye""}",t,0,2026-07-09 13:27:17.006188+00,,,,f,,
ddf2f221-1028-4458-a916-1129c0da912c,44929456-5b87-48d6-90cf-b8e4ae50ae63,62-21e70be84677,"{""tr"": ""Ovacık""}",t,0,2026-07-09 13:27:17.006188+00,,,,f,,
002bc8b8-6b99-4596-848a-019a2fae7116,44929456-5b87-48d6-90cf-b8e4ae50ae63,62-207bb6f36307,"{""tr"": ""Pertek""}",t,0,2026-07-09 13:27:17.006188+00,,,,f,,
88b08ec7-5e84-4b6b-9fc7-a20184561f49,44929456-5b87-48d6-90cf-b8e4ae50ae63,62-79f91520e513,"{""tr"": ""Pülümür""}",t,0,2026-07-09 13:27:17.006188+00,,,,f,,
df77cfd5-962f-44a1-93f2-90018634e314,830a964b-7d69-4b88-a9e1-c6bcb4f673b8,64-1053fdecb0dc,"{""tr"": ""Banaz""}",t,0,2026-07-09 13:27:17.006188+00,,,,f,,
ae8ab339-51be-4ca3-b960-4cc17c8df0ca,830a964b-7d69-4b88-a9e1-c6bcb4f673b8,64-e20a94863de2,"{""tr"": ""Eşme""}",t,0,2026-07-09 13:27:17.006188+00,,,,f,,
18e05045-3f66-4daf-95e7-768b48348bf0,830a964b-7d69-4b88-a9e1-c6bcb4f673b8,64-381b6be62bda,"{""tr"": ""Karahallı""}",t,0,2026-07-09 13:27:17.006188+00,,,,f,,
50fd5c46-cfb2-4cf6-81d9-f2c7379fb0c7,830a964b-7d69-4b88-a9e1-c6bcb4f673b8,64-29e5ac3c22f3,"{""tr"": ""Merkez""}",t,0,2026-07-09 13:27:17.006188+00,,,,f,,
3562a6af-bb03-454e-8f98-e3c1e7d97790,830a964b-7d69-4b88-a9e1-c6bcb4f673b8,64-aa86eb9d9b0c,"{""tr"": ""Sivaslı""}",t,0,2026-07-09 13:27:17.006188+00,,,,f,,
fba17107-9a13-4ee4-856f-d6bc9bddcf08,830a964b-7d69-4b88-a9e1-c6bcb4f673b8,64-6dd89e808932,"{""tr"": ""Ulubey""}",t,0,2026-07-09 13:27:17.006188+00,,,,f,,
65da1701-6d98-4169-b3ed-42d3533bdcd6,05729c49-88f3-41b1-adad-8683aba0f808,65-9e284d622934,"{""tr"": ""Bahçesaray""}",t,0,2026-07-09 13:27:17.006188+00,,,,f,,
379bb767-cbfd-437f-ab7d-a965167a7dfe,05729c49-88f3-41b1-adad-8683aba0f808,65-30a1a15e7817,"{""tr"": ""Başkale""}",t,0,2026-07-09 13:27:17.006188+00,,,,f,,
d5413074-ef75-44fd-9fbe-2d14d0d756ad,05729c49-88f3-41b1-adad-8683aba0f808,65-13fe0080a715,"{""tr"": ""Çaldıran""}",t,0,2026-07-09 13:27:17.006188+00,,,,f,,
98a81640-e2c7-44b2-a969-2cfbf8c9a838,05729c49-88f3-41b1-adad-8683aba0f808,65-54d2f6052eca,"{""tr"": ""Çatak""}",t,0,2026-07-09 13:27:17.006188+00,,,,f,,
dad77a74-b22c-4188-9d10-e75a7513fdd8,05729c49-88f3-41b1-adad-8683aba0f808,65-86ba3d3dbfa2,"{""tr"": ""Edremit""}",t,0,2026-07-09 13:27:17.006188+00,,,,f,,
5ed035ed-a4cd-4cae-bc4d-36825757f3e4,05729c49-88f3-41b1-adad-8683aba0f808,65-de83170ce9e1,"{""tr"": ""Erciş""}",t,0,2026-07-09 13:27:17.006188+00,,,,f,,
57b13f96-0c7a-45ad-a516-365b8cd7fabc,05729c49-88f3-41b1-adad-8683aba0f808,65-4e271d7aac5c,"{""tr"": ""Gevaş""}",t,0,2026-07-09 13:27:17.006188+00,,,,f,,
94c533c5-d408-45a8-9bc9-792376857e81,05729c49-88f3-41b1-adad-8683aba0f808,65-0ee3056a6f32,"{""tr"": ""Gürpınar""}",t,0,2026-07-09 13:27:17.006188+00,,,,f,,
d5131b2a-2114-431f-aacf-2d2d9117d6e3,05729c49-88f3-41b1-adad-8683aba0f808,65-35f22a8023bc,"{""tr"": ""İpekyolu""}",t,0,2026-07-09 13:27:17.006188+00,,,,f,,
9148f267-f60c-4ab4-aac5-1341ce3044e0,05729c49-88f3-41b1-adad-8683aba0f808,65-85cedab2e643,"{""tr"": ""Muradiye""}",t,0,2026-07-09 13:27:17.006188+00,,,,f,,
a59c7ea7-64ea-48ab-9ed4-e860b8377e34,05729c49-88f3-41b1-adad-8683aba0f808,65-79a1aad1c27e,"{""tr"": ""Özalp""}",t,0,2026-07-09 13:27:17.006188+00,,,,f,,
60f15bdd-1595-460a-a0cc-d9c253c8cf8b,05729c49-88f3-41b1-adad-8683aba0f808,65-4d7c828eb83e,"{""tr"": ""Saray""}",t,0,2026-07-09 13:27:17.006188+00,,,,f,,
8474df06-4352-4b8d-8848-f08b59de56fd,05729c49-88f3-41b1-adad-8683aba0f808,65-e5069ed87b6c,"{""tr"": ""Tuşba""}",t,0,2026-07-09 13:27:17.006188+00,,,,f,,
ae5c654d-415e-4482-8f68-86e593acc8ce,7effde79-5a23-49bf-96d1-76c4c57bd1cc,77-dd186ffe0955,"{""tr"": ""Altınova""}",t,0,2026-07-09 13:27:17.006188+00,,,,f,,
e5191051-2b7c-4082-ba7d-cbef01d326ad,7effde79-5a23-49bf-96d1-76c4c57bd1cc,77-e94f4f5ef192,"{""tr"": ""Armutlu""}",t,0,2026-07-09 13:27:17.006188+00,,,,f,,
bcbde224-7386-4298-99f3-727825447157,7effde79-5a23-49bf-96d1-76c4c57bd1cc,77-0032c82bbe55,"{""tr"": ""Çınarcık""}",t,0,2026-07-09 13:27:17.006188+00,,,,f,,
484b0dd6-736f-4eeb-8c87-59fabc6851c5,7effde79-5a23-49bf-96d1-76c4c57bd1cc,77-199d94219400,"{""tr"": ""Çiftlikköy""}",t,0,2026-07-09 13:27:17.006188+00,,,,f,,
3cb8887f-f2af-49d5-b4b7-7938f7072b5e,7effde79-5a23-49bf-96d1-76c4c57bd1cc,77-29e5ac3c22f3,"{""tr"": ""Merkez""}",t,0,2026-07-09 13:27:17.006188+00,,,,f,,
9d19a5f3-8143-4fd6-94c8-379357e80428,7effde79-5a23-49bf-96d1-76c4c57bd1cc,77-cd1fcc618879,"{""tr"": ""Termal""}",t,0,2026-07-09 13:27:17.006188+00,,,,f,,
c2eb91a6-dedc-4e16-9fa7-fec24dc42edd,3307ba3f-f664-4aad-980b-0baadfd52494,66-de339076f7b2,"{""tr"": ""Akdağmadeni""}",t,0,2026-07-09 13:27:17.006188+00,,,,f,,
db5b3ea0-9292-43c8-9f77-3aafa76bc1eb,3307ba3f-f664-4aad-980b-0baadfd52494,66-40efa6409ee4,"{""tr"": ""Aydıncık""}",t,0,2026-07-09 13:27:17.006188+00,,,,f,,
cda6154f-7bd9-474f-8d83-341dbb33c74e,3307ba3f-f664-4aad-980b-0baadfd52494,66-e3c5580297bd,"{""tr"": ""Boğazlıyan""}",t,0,2026-07-09 13:27:17.006188+00,,,,f,,
a0e307f1-0981-47df-a7a7-8ef477c9a939,3307ba3f-f664-4aad-980b-0baadfd52494,66-dad3a057d29c,"{""tr"": ""Çandır""}",t,0,2026-07-09 13:27:17.006188+00,,,,f,,
23053ada-608d-435b-a813-88259f6dd06f,3307ba3f-f664-4aad-980b-0baadfd52494,66-19e7cf8f583e,"{""tr"": ""Çayıralan""}",t,0,2026-07-09 13:27:17.006188+00,,,,f,,
9ecdfe64-ccaf-4ef4-92d1-216668ba78be,3307ba3f-f664-4aad-980b-0baadfd52494,66-594cc0919793,"{""tr"": ""Çekerek""}",t,0,2026-07-09 13:27:17.006188+00,,,,f,,
904189fd-24cd-456c-84d4-2b3b547d5cb2,3307ba3f-f664-4aad-980b-0baadfd52494,66-d31c315b30c2,"{""tr"": ""Kadışehri""}",t,0,2026-07-09 13:27:17.006188+00,,,,f,,
08523e10-45af-42cd-bb7e-5544d4cd6c6c,3307ba3f-f664-4aad-980b-0baadfd52494,66-29e5ac3c22f3,"{""tr"": ""Merkez""}",t,0,2026-07-09 13:27:17.006188+00,,,,f,,
663f37ac-1fb4-46c1-aca8-e3ce5464dbfe,3307ba3f-f664-4aad-980b-0baadfd52494,66-2fb3fb4eb58f,"{""tr"": ""Saraykent""}",t,0,2026-07-09 13:27:17.006188+00,,,,f,,
4c4d6de7-001d-4a39-8348-aa4304fc828d,3307ba3f-f664-4aad-980b-0baadfd52494,66-1b29b7468266,"{""tr"": ""Sarıkaya""}",t,0,2026-07-09 13:27:17.006188+00,,,,f,,
8067e589-b0da-4fb4-844f-839769128bd2,3307ba3f-f664-4aad-980b-0baadfd52494,66-8d34dea55e1c,"{""tr"": ""Sorgun""}",t,0,2026-07-09 13:27:17.006188+00,,,,f,,
136d5d39-de09-4024-bde4-083686306983,3307ba3f-f664-4aad-980b-0baadfd52494,66-11ca634b47d8,"{""tr"": ""Şefaatli""}",t,0,2026-07-09 13:27:17.006188+00,,,,f,,
9eaf69af-f51d-44d3-931d-75ab5d837ae1,3307ba3f-f664-4aad-980b-0baadfd52494,66-f623f1347d76,"{""tr"": ""Yenifakılı""}",t,0,2026-07-09 13:27:17.006188+00,,,,f,,
4a0c112b-bc15-49f3-8abf-141bdb8a4288,3307ba3f-f664-4aad-980b-0baadfd52494,66-ae5a7fa492d3,"{""tr"": ""Yerköy""}",t,0,2026-07-09 13:27:17.006188+00,,,,f,,
e9b78337-7206-4f62-bf20-65773e1297f3,2304a4b2-c284-48b8-a1d7-369eaea1fdb7,67-fb4779f36ace,"{""tr"": ""Alaplı""}",t,0,2026-07-09 13:27:17.006188+00,,,,f,,
06ce2329-4394-453a-9945-2d6aaf2c0ab2,2304a4b2-c284-48b8-a1d7-369eaea1fdb7,67-b9de0be6a0d9,"{""tr"": ""Çaycuma""}",t,0,2026-07-09 13:27:17.006188+00,,,,f,,
f211be7f-80bf-4183-a032-eee616c534d5,2304a4b2-c284-48b8-a1d7-369eaea1fdb7,67-40d1364b44f0,"{""tr"": ""Devrek""}",t,0,2026-07-09 13:27:17.006188+00,,,,f,,
df8dc8bc-2214-44aa-9841-64058bcc08f8,2304a4b2-c284-48b8-a1d7-369eaea1fdb7,67-a4570cef18dc,"{""tr"": ""Ereğli""}",t,0,2026-07-09 13:27:17.006188+00,,,,f,,
cd53b1e1-91c0-4ddf-9cf2-a27c9f44f994,2304a4b2-c284-48b8-a1d7-369eaea1fdb7,67-d77fe616f0ab,"{""tr"": ""Gökçebey""}",t,0,2026-07-09 13:27:17.006188+00,,,,f,,
91869cbc-4a52-4c9c-828e-336905590350,2304a4b2-c284-48b8-a1d7-369eaea1fdb7,67-4d6b702d7e03,"{""tr"": ""Kilimli""}",t,0,2026-07-09 13:27:17.006188+00,,,,f,,
62a7b73d-93e4-4bab-b5d9-d3536a9e2a8a,2304a4b2-c284-48b8-a1d7-369eaea1fdb7,67-66fcbcaa341e,"{""tr"": ""Kozlu""}",t,0,2026-07-09 13:27:17.006188+00,,,,f,,
f826bc6e-c864-44a3-ac1b-90d47f90c2ac,2304a4b2-c284-48b8-a1d7-369eaea1fdb7,67-29e5ac3c22f3,"{""tr"": ""Merkez""}",t,0,2026-07-09 13:27:17.006188+00,,,,f,,
